date,time,datetime,region,indicator,importance,prev,forecast,actual,tf_category
2018-01-10 00:00:00,09:30,2018-01-10 09:30:00,中国,12月PPI:同比(%),重要,5.8,4.83,4.9,inflation
2018-01-10 00:00:00,09:30,2018-01-10 09:30:00,中国,12月CPI:同比(%),重要,1.7,1.84,1.8,inflation
2018-01-12 00:00:00,16:00,2018-01-12 16:00:00,中国,12月新增人民币贷款(亿元),重要,11200.0,9933.33,5844.0,credit
2018-01-12 00:00:00,16:00,2018-01-12 16:00:00,中国,12月社会融资规模:当月值(亿元),重要,22955.98,15000.0,18102.88,credit
2018-01-12 00:00:00,16:00,2018-01-12 16:00:00,中国,12月M1:同比(%),重要,12.7,12.33,11.8,credit
2018-01-12 00:00:00,16:00,2018-01-12 16:00:00,中国,12月M0:同比(%),重要,5.7,5.2,3.4,credit
2018-01-12 00:00:00,16:00,2018-01-12 16:00:00,中国,12月M2:同比(%),重要,9.1,9.18,8.1,credit
2018-01-12 00:00:00,16:00,2018-01-12 16:00:00,中国,12月社会融资规模存量:同比(%),重要,14.49,,14.08,credit
2018-01-18 00:00:00,15:00,2018-01-18 15:00:00,中国,第四季度GDP:当季同比(%),重要,6.9,6.73,6.8,growth
2018-01-31 00:00:00,09:00,2018-01-31 09:00:00,中国,1月官方制造业PMI(%),重要,51.6,51.5,51.3,pmi
2018-02-09 00:00:00,09:30,2018-02-09 09:30:00,中国,1月PPI:同比(%),重要,4.9,4.42,4.3,inflation
2018-02-09 00:00:00,09:30,2018-02-09 09:30:00,中国,1月CPI:同比(%),重要,1.8,1.45,1.5,inflation
2018-02-12 00:00:00,17:00,2018-02-12 17:00:00,中国,1月社会融资规模:当月值(亿元),重要,18102.88,26714.29,31417.22,credit
2018-02-12 00:00:00,17:00,2018-02-12 17:00:00,中国,1月新增人民币贷款(亿元),重要,5844.0,21142.86,29000.0,credit
2018-02-12 00:00:00,17:00,2018-02-12 17:00:00,中国,1月M1:同比(%),重要,11.8,13.0,15.0,credit
2018-02-12 00:00:00,17:00,2018-02-12 17:00:00,中国,1月M0:同比(%),重要,3.4,,-13.8,credit
2018-02-12 00:00:00,17:00,2018-02-12 17:00:00,中国,1月M2:同比(%),重要,8.1,8.24,8.6,credit
2018-02-12 00:00:00,17:00,2018-02-12 17:00:00,中国,1月社会融资规模存量:同比(%),重要,14.08,,13.43,credit
2018-02-28 00:00:00,09:00,2018-02-28 09:00:00,中国,2月官方制造业PMI(%),重要,51.3,51.03,50.3,pmi
2018-03-09 00:00:00,09:00,2018-03-09 09:00:00,中国,2月社会融资规模:当月值(亿元),重要,31417.22,10406.0,12064.39,credit
2018-03-09 00:00:00,09:00,2018-03-09 09:00:00,中国,2月新增人民币贷款(亿元),重要,29000.0,9335.0,8393.0,credit
2018-03-09 00:00:00,09:00,2018-03-09 09:00:00,中国,2月M1:同比(%),重要,15.0,11.67,8.5,credit
2018-03-09 00:00:00,09:00,2018-03-09 09:00:00,中国,2月M0:同比(%),重要,-13.8,13.0,13.5,credit
2018-03-09 00:00:00,09:00,2018-03-09 09:00:00,中国,2月M2:同比(%),重要,8.6,8.62,8.8,credit
2018-03-09 00:00:00,09:00,2018-03-09 09:00:00,中国,2月社会融资规模存量:同比(%),重要,13.43,11.0,13.39,credit
2018-03-09 00:00:00,09:30,2018-03-09 09:30:00,中国,2月PPI:同比(%),重要,4.3,3.73,3.7,inflation
2018-03-09 00:00:00,09:30,2018-03-09 09:30:00,中国,2月CPI:同比(%),重要,1.5,2.53,2.9,inflation
2018-03-31 00:00:00,09:00,2018-03-31 09:00:00,中国,3月官方制造业PMI(%),重要,50.3,50.63,51.5,pmi
2018-04-11 00:00:00,09:30,2018-04-11 09:30:00,中国,3月PPI:同比(%),重要,3.7,3.1,3.1,inflation
2018-04-11 00:00:00,09:30,2018-04-11 09:30:00,中国,3月CPI:同比(%),重要,2.9,2.51,2.1,inflation
2018-04-13 00:00:00,16:00,2018-04-13 16:00:00,中国,3月社会融资规模:当月值(亿元),重要,12064.39,16190.0,17091.48,credit
2018-04-13 00:00:00,16:00,2018-04-13 16:00:00,中国,3月新增人民币贷款(亿元),重要,8393.0,11909.44,11200.0,credit
2018-04-13 00:00:00,16:00,2018-04-13 16:00:00,中国,3月M1:同比(%),重要,8.5,10.07,7.1,credit
2018-04-13 00:00:00,16:00,2018-04-13 16:00:00,中国,3月M0:同比(%),重要,13.5,9.5,6.0,credit
2018-04-13 00:00:00,16:00,2018-04-13 16:00:00,中国,3月M2:同比(%),重要,8.8,8.8,8.2,credit
2018-04-13 00:00:00,16:00,2018-04-13 16:00:00,中国,3月社会融资规模存量:同比(%),重要,13.39,10.9,12.69,credit
2018-04-17 00:00:00,10:00,2018-04-17 10:00:00,中国,第一季度GDP:当季同比(%),重要,6.8,6.76,6.9,growth
2018-04-30 00:00:00,09:00,2018-04-30 09:00:00,中国,4月官方制造业PMI(%),重要,51.5,51.55,51.4,pmi
2018-05-10 00:00:00,09:30,2018-05-10 09:30:00,中国,4月PPI:同比(%),重要,3.1,3.5,3.4,inflation
2018-05-10 00:00:00,09:30,2018-05-10 09:30:00,中国,4月CPI:同比(%),重要,2.1,1.96,1.8,inflation
2018-05-11 00:00:00,15:05,2018-05-11 15:05:00,中国,4月社会融资规模:当月值(亿元),重要,17091.48,13275.0,22242.94,credit
2018-05-11 00:00:00,15:05,2018-05-11 15:05:00,中国,4月新增人民币贷款(亿元),重要,11200.0,11464.29,11800.0,credit
2018-05-11 00:00:00,15:05,2018-05-11 15:05:00,中国,4月M1:同比(%),重要,7.1,7.18,7.2,credit
2018-05-11 00:00:00,15:05,2018-05-11 15:05:00,中国,4月M0:同比(%),重要,6.0,6.1,4.5,credit
2018-05-11 00:00:00,15:05,2018-05-11 15:05:00,中国,4月M2:同比(%),重要,8.2,8.49,8.3,credit
2018-05-11 00:00:00,15:05,2018-05-11 15:05:00,中国,4月社会融资规模存量:同比(%),重要,12.69,10.5,12.65,credit
2018-05-31 00:00:00,09:00,2018-05-31 09:00:00,中国,5月官方制造业PMI(%),重要,51.4,51.3,51.9,pmi
2018-06-09 00:00:00,09:30,2018-06-09 09:30:00,中国,5月PPI:同比(%),重要,3.4,3.95,4.1,inflation
2018-06-09 00:00:00,09:30,2018-06-09 09:30:00,中国,5月CPI:同比(%),重要,1.8,1.78,1.8,inflation
2018-06-12 00:00:00,17:00,2018-06-12 17:00:00,中国,5月社会融资规模:当月值(亿元),重要,22242.94,12428.57,11233.62,credit
2018-06-12 00:00:00,17:00,2018-06-12 17:00:00,中国,5月新增人民币贷款(亿元),重要,11800.0,11650.0,11500.0,credit
2018-06-12 00:00:00,17:00,2018-06-12 17:00:00,中国,5月M1:同比(%),重要,7.2,7.0,6.0,credit
2018-06-12 00:00:00,17:00,2018-06-12 17:00:00,中国,5月M0:同比(%),重要,4.5,,3.6,credit
2018-06-12 00:00:00,17:00,2018-06-12 17:00:00,中国,5月M2:同比(%),重要,8.3,8.53,8.3,credit
2018-06-12 00:00:00,17:00,2018-06-12 17:00:00,中国,5月社会融资规模存量:同比(%),重要,12.65,10.5,12.2,credit
2018-06-30 00:00:00,09:00,2018-06-30 09:00:00,中国,6月官方制造业PMI(%),重要,51.9,51.8,51.5,pmi
2018-07-10 00:00:00,09:30,2018-07-10 09:30:00,中国,6月PPI:同比(%),重要,4.1,4.54,4.7,inflation
2018-07-10 00:00:00,09:30,2018-07-10 09:30:00,中国,6月CPI:同比(%),重要,1.8,1.92,1.9,inflation
2018-07-13 00:00:00,16:30,2018-07-13 16:30:00,中国,6月社会融资规模:当月值(亿元),重要,11233.62,14850.0,20372.96,credit
2018-07-13 00:00:00,16:30,2018-07-13 16:30:00,中国,6月新增人民币贷款(亿元),重要,11500.0,15161.54,18400.0,credit
2018-07-13 00:00:00,16:30,2018-07-13 16:30:00,中国,6月M1:同比(%),重要,6.0,5.43,6.6,credit
2018-07-13 00:00:00,16:30,2018-07-13 16:30:00,中国,6月M0:同比(%),重要,3.6,,3.9,credit
2018-07-13 00:00:00,16:30,2018-07-13 16:30:00,中国,6月M2:同比(%),重要,8.3,8.25,8.0,credit
2018-07-13 00:00:00,16:30,2018-07-13 16:30:00,中国,6月社会融资规模存量:同比(%),重要,12.2,10.0,11.76,credit
2018-07-16 00:00:00,10:00,2018-07-16 10:00:00,中国,第二季度GDP:当季同比(%),重要,6.9,6.76,6.9,growth
2018-07-31 00:00:00,09:00,2018-07-31 09:00:00,中国,7月官方制造业PMI(%),重要,51.5,51.4,51.2,pmi
2018-08-09 00:00:00,09:30,2018-08-09 09:30:00,中国,7月PPI:同比(%),重要,4.7,4.41,4.6,inflation
2018-08-09 00:00:00,09:30,2018-08-09 09:30:00,中国,7月CPI:同比(%),重要,1.9,1.91,2.1,inflation
2018-08-13 00:00:00,19:26,2018-08-13 19:26:00,中国,7月社会融资规模:当月值(亿元),重要,20372.96,10830.0,18381.94,credit
2018-08-13 00:00:00,19:26,2018-08-13 19:26:00,中国,7月新增人民币贷款(亿元),重要,18400.0,11937.84,14500.0,credit
2018-08-13 00:00:00,19:26,2018-08-13 19:26:00,中国,7月M1:同比(%),重要,6.6,6.67,5.1,credit
2018-08-13 00:00:00,19:26,2018-08-13 19:26:00,中国,7月M0:同比(%),重要,3.9,,3.6,credit
2018-08-13 00:00:00,19:26,2018-08-13 19:26:00,中国,7月M2:同比(%),重要,8.0,8.21,8.5,credit
2018-08-13 00:00:00,19:26,2018-08-13 19:26:00,中国,7月社会融资规模存量:同比(%),重要,11.76,9.7,11.49,credit
2018-08-31 00:00:00,09:00,2018-08-31 09:00:00,中国,8月官方制造业PMI(%),重要,51.2,51.23,51.3,pmi
2018-09-10 00:00:00,09:30,2018-09-10 09:30:00,中国,8月PPI:同比(%),重要,4.6,3.99,4.1,inflation
2018-09-10 00:00:00,09:30,2018-09-10 09:30:00,中国,8月CPI:同比(%),重要,2.1,2.2,2.3,inflation
2018-09-12 00:00:00,17:00,2018-09-12 17:00:00,中国,8月社会融资规模:当月值(亿元),重要,18381.94,12314.29,24078.25,credit
2018-09-12 00:00:00,17:00,2018-09-12 17:00:00,中国,8月新增人民币贷款(亿元),重要,14500.0,12681.82,12800.0,credit
2018-09-12 00:00:00,17:00,2018-09-12 17:00:00,中国,8月M1:同比(%),重要,5.1,5.25,3.9,credit
2018-09-12 00:00:00,17:00,2018-09-12 17:00:00,中国,8月M0:同比(%),重要,3.6,3.8,3.3,credit
2018-09-12 00:00:00,17:00,2018-09-12 17:00:00,中国,8月M2:同比(%),重要,8.5,8.45,8.2,credit
2018-09-12 00:00:00,17:00,2018-09-12 17:00:00,中国,8月社会融资规模存量:同比(%),重要,11.49,10.4,11.52,credit
2018-09-30 00:00:00,09:00,2018-09-30 09:00:00,中国,9月官方制造业PMI(%),重要,51.3,51.6,50.8,pmi
2018-10-16 00:00:00,09:30,2018-10-16 09:30:00,中国,9月PPI:同比(%),重要,4.1,3.5,3.6,inflation
2018-10-16 00:00:00,09:30,2018-10-16 09:30:00,中国,9月CPI:同比(%),重要,2.3,2.47,2.5,inflation
2018-10-17 00:00:00,16:00,2018-10-17 16:00:00,中国,9月社会融资规模:当月值(亿元),重要,24078.25,15000.0,23061.25,credit
2018-10-17 00:00:00,16:00,2018-10-17 16:00:00,中国,9月新增人民币贷款(亿元),重要,12800.0,12771.43,13800.0,credit
2018-10-17 00:00:00,16:00,2018-10-17 16:00:00,中国,9月M1:同比(%),重要,3.9,4.07,4.0,credit
2018-10-17 00:00:00,16:00,2018-10-17 16:00:00,中国,9月M0:同比(%),重要,3.3,,2.2,credit
2018-10-17 00:00:00,16:00,2018-10-17 16:00:00,中国,9月M2:同比(%),重要,8.2,8.21,8.3,credit
2018-10-17 00:00:00,16:00,2018-10-17 16:00:00,中国,9月社会融资规模存量:同比(%),重要,11.52,9.8,11.21,credit
2018-10-19 00:00:00,10:00,2018-10-19 10:00:00,中国,第三季度GDP:当季同比(%),重要,6.9,6.61,6.7,growth
2018-10-31 00:00:00,09:00,2018-10-31 09:00:00,中国,10月官方制造业PMI(%),重要,50.8,50.87,50.2,pmi
2018-11-09 00:00:00,09:30,2018-11-09 09:30:00,中国,10月PPI:同比(%),重要,3.6,3.27,3.3,inflation
2018-11-09 00:00:00,09:30,2018-11-09 09:30:00,中国,10月CPI:同比(%),重要,2.5,2.45,2.5,inflation
2018-11-13 00:00:00,16:45,2018-11-13 16:45:00,中国,10月社会融资规模:当月值(亿元),重要,23061.25,10412.5,9537.8,credit
2018-11-13 00:00:00,16:45,2018-11-13 16:45:00,中国,10月新增人民币贷款(亿元),重要,13800.0,8492.31,6970.0,credit
2018-11-13 00:00:00,16:45,2018-11-13 16:45:00,中国,10月M1:同比(%),重要,4.0,4.4,2.7,credit
2018-11-13 00:00:00,16:45,2018-11-13 16:45:00,中国,10月M0:同比(%),重要,2.2,,2.8,credit
2018-11-13 00:00:00,16:45,2018-11-13 16:45:00,中国,10月M2:同比(%),重要,8.3,8.28,8.0,credit
2018-11-13 00:00:00,16:45,2018-11-13 16:45:00,中国,10月社会融资规模存量:同比(%),重要,11.21,10.6,10.79,credit
2018-11-30 00:00:00,09:00,2018-11-30 09:00:00,中国,11月官方制造业PMI(%),重要,50.2,50.3,50.0,pmi
2018-12-09 00:00:00,09:30,2018-12-09 09:30:00,中国,11月CPI:同比(%),重要,2.5,2.38,2.2,inflation
2018-12-09 00:00:00,09:30,2018-12-09 09:30:00,中国,11月PPI:同比(%),重要,3.3,2.67,2.7,inflation
2018-12-11 00:00:00,17:00,2018-12-11 17:00:00,中国,11月社会融资规模:当月值(亿元),重要,9537.8,13870.0,16127.17,credit
2018-12-11 00:00:00,17:00,2018-12-11 17:00:00,中国,11月新增人民币贷款(亿元),重要,6970.0,11306.67,12500.0,credit
2018-12-11 00:00:00,17:00,2018-12-11 17:00:00,中国,11月M1:同比(%),重要,2.7,3.1,1.5,credit
2018-12-11 00:00:00,17:00,2018-12-11 17:00:00,中国,11月M0:同比(%),重要,2.8,,2.8,credit
2018-12-11 00:00:00,17:00,2018-12-11 17:00:00,中国,11月M2:同比(%),重要,8.0,8.08,8.0,credit
2018-12-11 00:00:00,17:00,2018-12-11 17:00:00,中国,11月社会融资规模存量:同比(%),重要,10.79,9.9,10.31,credit
2018-12-31 00:00:00,09:00,2018-12-31 09:00:00,中国,12月官方制造业PMI(%),重要,50.0,,49.4,pmi
2019-01-10 00:00:00,09:30,2019-01-10 09:30:00,中国,12月PPI:同比(%),重要,2.7,1.42,0.9,inflation
2019-01-10 00:00:00,09:30,2019-01-10 09:30:00,中国,12月CPI:同比(%),重要,2.2,2.04,1.9,inflation
2019-01-15 00:00:00,16:00,2019-01-15 16:00:00,中国,12月新增人民币贷款(亿元),重要,12500.0,7438.46,10800.0,credit
2019-01-15 00:00:00,16:00,2019-01-15 16:00:00,中国,12月M1:同比(%),重要,1.5,2.0,1.5,credit
2019-01-15 00:00:00,16:00,2019-01-15 16:00:00,中国,12月M0:同比(%),重要,2.8,5.5,3.6,credit
2019-01-15 00:00:00,16:00,2019-01-15 16:00:00,中国,12月M2:同比(%),重要,8.0,8.18,8.1,credit
2019-01-15 00:00:00,16:00,2019-01-15 16:00:00,中国,12月社会融资规模:当月值(亿元),重要,16127.17,11712.5,19311.17,credit
2019-01-15 00:00:00,16:00,2019-01-15 16:00:00,中国,12月社会融资规模存量:同比(%),重要,10.31,9.65,10.26,credit
2019-01-21 00:00:00,10:00,2019-01-21 10:00:00,中国,第四季度GDP:当季同比(%),重要,6.7,6.42,6.5,growth
2019-01-31 00:00:00,09:00,2019-01-31 09:00:00,中国,1月官方制造业PMI(%),重要,49.4,49.4,49.5,pmi
2019-02-15 00:00:00,09:30,2019-02-15 09:30:00,中国,1月PPI:同比(%),重要,0.9,0.2,0.1,inflation
2019-02-15 00:00:00,09:30,2019-02-15 09:30:00,中国,1月CPI:同比(%),重要,1.9,1.83,1.7,inflation
2019-02-15 00:00:00,15:02,2019-02-15 15:02:00,中国,1月新增人民币贷款(亿元),重要,10800.0,29872.73,32300.0,credit
2019-02-15 00:00:00,15:02,2019-02-15 15:02:00,中国,1月M1:同比(%),重要,1.5,2.25,0.4,credit
2019-02-15 00:00:00,15:02,2019-02-15 15:02:00,中国,1月M0:同比(%),重要,3.6,,17.2,credit
2019-02-15 00:00:00,15:02,2019-02-15 15:02:00,中国,1月M2:同比(%),重要,8.1,8.21,8.4,credit
2019-02-15 00:00:00,15:02,2019-02-15 15:02:00,中国,1月社会融资规模:当月值(亿元),重要,19311.17,35100.0,46791.14,credit
2019-02-15 00:00:00,15:02,2019-02-15 15:02:00,中国,1月社会融资规模存量:同比(%),重要,10.26,10.0,10.85,credit
2019-02-28 00:00:00,09:00,2019-02-28 09:00:00,中国,2月官方制造业PMI(%),重要,49.5,49.2,49.2,pmi
2019-03-09 00:00:00,09:30,2019-03-09 09:30:00,中国,2月PPI:同比(%),重要,0.1,0.23,0.1,inflation
2019-03-09 00:00:00,09:30,2019-03-09 09:30:00,中国,2月CPI:同比(%),重要,1.7,1.35,1.5,inflation
2019-03-10 00:00:00,09:00,2019-03-10 09:00:00,中国,2月新增人民币贷款(亿元),重要,32300.0,9550.0,8858.0,credit
2019-03-10 00:00:00,09:00,2019-03-10 09:00:00,中国,2月M1:同比(%),重要,0.4,1.83,2.0,credit
2019-03-10 00:00:00,09:00,2019-03-10 09:00:00,中国,2月M0:同比(%),重要,17.2,,-2.4,credit
2019-03-10 00:00:00,09:00,2019-03-10 09:00:00,中国,2月M2:同比(%),重要,8.4,8.41,8.0,credit
2019-03-10 00:00:00,09:00,2019-03-10 09:00:00,中国,2月社会融资规模:当月值(亿元),重要,46791.14,13462.5,9665.13,credit
2019-03-10 00:00:00,09:00,2019-03-10 09:00:00,中国,2月社会融资规模存量:同比(%),重要,10.85,10.4,10.65,credit
2019-03-31 00:00:00,09:00,2019-03-31 09:00:00,中国,3月官方制造业PMI(%),重要,49.2,50.0,50.5,pmi
2019-04-11 00:00:00,09:30,2019-04-11 09:30:00,中国,3月PPI:同比(%),重要,0.1,0.46,0.4,inflation
2019-04-11 00:00:00,09:30,2019-04-11 09:30:00,中国,3月CPI:同比(%),重要,1.5,2.33,2.3,inflation
2019-04-12 00:00:00,16:00,2019-04-12 16:00:00,中国,3月新增人民币贷款(亿元),重要,8858.0,12736.61,16900.0,credit
2019-04-12 00:00:00,16:00,2019-04-12 16:00:00,中国,3月M1:同比(%),重要,2.0,3.5,4.6,credit
2019-04-12 00:00:00,16:00,2019-04-12 16:00:00,中国,3月M0:同比(%),重要,-2.4,,3.1,credit
2019-04-12 00:00:00,16:00,2019-04-12 16:00:00,中国,3月M2:同比(%),重要,8.0,8.21,8.6,credit
2019-04-12 00:00:00,16:00,2019-04-12 16:00:00,中国,3月社会融资规模:当月值(亿元),重要,9665.13,18444.44,29602.34,credit
2019-04-12 00:00:00,16:00,2019-04-12 16:00:00,中国,3月社会融资规模存量:同比(%),重要,10.65,10.13,11.16,credit
2019-04-17 00:00:00,10:00,2019-04-17 10:00:00,中国,第一季度GDP:当季同比(%),重要,6.5,6.32,6.4,growth
2019-04-30 00:00:00,09:00,2019-04-30 09:00:00,中国,4月官方制造业PMI(%),重要,50.5,50.65,50.1,pmi
2019-05-09 00:00:00,09:30,2019-05-09 09:30:00,中国,4月PPI:同比(%),重要,0.4,0.63,0.9,inflation
2019-05-09 00:00:00,09:30,2019-05-09 09:30:00,中国,4月CPI:同比(%),重要,2.3,2.55,2.5,inflation
2019-05-09 00:00:00,10:00,2019-05-09 10:00:00,中国,4月新增人民币贷款(亿元),重要,16900.0,12846.15,10200.0,credit
2019-05-09 00:00:00,10:00,2019-05-09 10:00:00,中国,4月M1:同比(%),重要,4.6,4.22,2.9,credit
2019-05-09 00:00:00,10:00,2019-05-09 10:00:00,中国,4月M0:同比(%),重要,3.1,,3.5,credit
2019-05-09 00:00:00,10:00,2019-05-09 10:00:00,中国,4月M2:同比(%),重要,8.6,8.51,8.5,credit
2019-05-09 00:00:00,10:00,2019-05-09 10:00:00,中国,4月社会融资规模:当月值(亿元),重要,29602.34,17720.0,16709.54,credit
2019-05-09 00:00:00,10:00,2019-05-09 10:00:00,中国,4月社会融资规模存量:同比(%),重要,11.16,10.6,10.81,credit
2019-05-31 00:00:00,09:00,2019-05-31 09:00:00,中国,5月官方制造业PMI(%),重要,50.1,50.0,49.4,pmi
2019-06-12 00:00:00,09:30,2019-06-12 09:30:00,中国,5月PPI:同比(%),重要,0.9,0.59,0.6,inflation
2019-06-12 00:00:00,09:30,2019-06-12 09:30:00,中国,5月CPI:同比(%),重要,2.5,2.67,2.7,inflation
2019-06-12 00:00:00,16:00,2019-06-12 16:00:00,中国,5月新增人民币贷款(亿元),重要,10200.0,12078.57,11800.0,credit
2019-06-12 00:00:00,16:00,2019-06-12 16:00:00,中国,5月M1:同比(%),重要,2.9,3.67,3.4,credit
2019-06-12 00:00:00,16:00,2019-06-12 16:00:00,中国,5月M0:同比(%),重要,3.5,,4.3,credit
2019-06-12 00:00:00,16:00,2019-06-12 16:00:00,中国,5月M2:同比(%),重要,8.5,8.54,8.5,credit
2019-06-12 00:00:00,16:00,2019-06-12 16:00:00,中国,5月社会融资规模:当月值(亿元),重要,16709.54,13925.0,17123.73,credit
2019-06-12 00:00:00,16:00,2019-06-12 16:00:00,中国,5月社会融资规模存量:同比(%),重要,10.81,10.57,11.03,credit
2019-06-30 00:00:00,09:00,2019-06-30 09:00:00,中国,6月官方制造业PMI(%),重要,49.4,,49.4,pmi
2019-07-10 00:00:00,09:30,2019-07-10 09:30:00,中国,6月PPI:同比(%),重要,0.6,0.14,0.0,inflation
2019-07-10 00:00:00,09:30,2019-07-10 09:30:00,中国,6月CPI:同比(%),重要,2.7,2.7,2.7,inflation
2019-07-12 00:00:00,16:00,2019-07-12 16:00:00,中国,6月新增人民币贷款(亿元),重要,11800.0,16833.33,16600.0,credit
2019-07-12 00:00:00,16:00,2019-07-12 16:00:00,中国,6月M1:同比(%),重要,3.4,3.13,4.4,credit
2019-07-12 00:00:00,16:00,2019-07-12 16:00:00,中国,6月M0:同比(%),重要,4.3,,4.3,credit
2019-07-12 00:00:00,16:00,2019-07-12 16:00:00,中国,6月M2:同比(%),重要,8.5,8.57,8.5,credit
2019-07-12 00:00:00,16:00,2019-07-12 16:00:00,中国,6月社会融资规模:当月值(亿元),重要,17123.73,19914.29,26243.3,credit
2019-07-12 00:00:00,16:00,2019-07-12 16:00:00,中国,6月社会融资规模存量:同比(%),重要,11.03,10.8,11.19,credit
2019-07-15 00:00:00,10:00,2019-07-15 10:00:00,中国,第二季度GDP:当季同比(%),重要,6.4,6.25,6.1,growth
2019-07-31 00:00:00,09:00,2019-07-31 09:00:00,中国,7月官方制造业PMI(%),重要,49.4,49.5,49.7,pmi
2019-08-09 00:00:00,09:30,2019-08-09 09:30:00,中国,7月PPI:同比(%),重要,0.0,-0.13,-0.3,inflation
2019-08-09 00:00:00,09:30,2019-08-09 09:30:00,中国,7月CPI:同比(%),重要,2.7,2.67,2.8,inflation
2019-08-12 00:00:00,17:00,2019-08-12 17:00:00,中国,7月新增人民币贷款(亿元),重要,16600.0,12423.53,10600.0,credit
2019-08-12 00:00:00,17:00,2019-08-12 17:00:00,中国,7月M1:同比(%),重要,4.4,4.46,3.1,credit
2019-08-12 00:00:00,17:00,2019-08-12 17:00:00,中国,7月M0:同比(%),重要,4.3,,4.5,credit
2019-08-12 00:00:00,17:00,2019-08-12 17:00:00,中国,7月M2:同比(%),重要,8.5,8.46,8.1,credit
2019-08-12 00:00:00,17:00,2019-08-12 17:00:00,中国,7月社会融资规模:当月值(亿元),重要,26243.3,14757.14,12872.11,credit
2019-08-12 00:00:00,17:00,2019-08-12 17:00:00,中国,7月社会融资规模存量:同比(%),重要,11.19,11.0,10.85,credit
2019-08-31 00:00:00,09:00,2019-08-31 09:00:00,中国,8月官方制造业PMI(%),重要,49.7,49.7,49.5,pmi
2019-09-10 00:00:00,09:30,2019-09-10 09:30:00,中国,8月PPI:同比(%),重要,-0.3,-0.88,-0.8,inflation
2019-09-10 00:00:00,09:30,2019-09-10 09:30:00,中国,8月CPI:同比(%),重要,2.8,2.62,2.8,inflation
2019-09-11 00:00:00,17:00,2019-09-11 17:00:00,中国,8月新增人民币贷款(亿元),重要,10600.0,11571.43,12100.0,credit
2019-09-11 00:00:00,17:00,2019-09-11 17:00:00,中国,8月M1:同比(%),重要,3.1,3.4,3.4,credit
2019-09-11 00:00:00,17:00,2019-09-11 17:00:00,中国,8月M0:同比(%),重要,4.5,,4.8,credit
2019-09-11 00:00:00,17:00,2019-09-11 17:00:00,中国,8月M2:同比(%),重要,8.1,8.07,8.2,credit
2019-09-11 00:00:00,17:00,2019-09-11 17:00:00,中国,8月社会融资规模:当月值(亿元),重要,12872.11,16070.0,21955.77,credit
2019-09-11 00:00:00,17:00,2019-09-11 17:00:00,中国,8月社会融资规模存量:同比(%),重要,10.85,10.5,10.68,credit
2019-09-30 00:00:00,09:00,2019-09-30 09:00:00,中国,9月官方制造业PMI(%),重要,49.5,49.43,49.8,pmi
2019-10-15 00:00:00,09:30,2019-10-15 09:30:00,中国,9月PPI:同比(%),重要,-0.8,-1.31,-1.2,inflation
2019-10-15 00:00:00,09:30,2019-10-15 09:30:00,中国,9月CPI:同比(%),重要,2.8,2.84,3.0,inflation
2019-10-15 00:00:00,16:30,2019-10-15 16:30:00,中国,9月新增人民币贷款(亿元),重要,12100.0,14214.29,16900.0,credit
2019-10-15 00:00:00,16:30,2019-10-15 16:30:00,中国,9月M1:同比(%),重要,3.4,3.64,3.4,credit
2019-10-15 00:00:00,16:30,2019-10-15 16:30:00,中国,9月M0:同比(%),重要,4.8,,4.0,credit
2019-10-15 00:00:00,16:30,2019-10-15 16:30:00,中国,9月M2:同比(%),重要,8.2,8.19,8.4,credit
2019-10-15 00:00:00,16:30,2019-10-15 16:30:00,中国,9月社会融资规模:当月值(亿元),重要,21955.77,18109.09,25142.21,credit
2019-10-15 00:00:00,16:30,2019-10-15 16:30:00,中国,9月社会融资规模存量:同比(%),重要,10.68,10.5,10.67,credit
2019-10-18 00:00:00,10:00,2019-10-18 10:00:00,中国,第三季度GDP:当季同比(%),重要,6.1,6.08,6.0,growth
2019-10-31 00:00:00,09:00,2019-10-31 09:00:00,中国,10月官方制造业PMI(%),重要,49.8,49.85,49.3,pmi
2019-11-09 00:00:00,09:30,2019-11-09 09:30:00,中国,10月PPI:同比(%),重要,-1.2,-1.58,-1.6,inflation
2019-11-09 00:00:00,09:30,2019-11-09 09:30:00,中国,10月CPI:同比(%),重要,3.0,3.35,3.8,inflation
2019-11-11 00:00:00,17:00,2019-11-11 17:00:00,中国,10月新增人民币贷款(亿元),重要,16900.0,8178.57,6613.0,credit
2019-11-11 00:00:00,17:00,2019-11-11 17:00:00,中国,10月M1:同比(%),重要,3.4,3.7,3.3,credit
2019-11-11 00:00:00,17:00,2019-11-11 17:00:00,中国,10月M0:同比(%),重要,4.0,,4.7,credit
2019-11-11 00:00:00,17:00,2019-11-11 17:00:00,中国,10月M2:同比(%),重要,8.4,8.41,8.4,credit
2019-11-11 00:00:00,17:00,2019-11-11 17:00:00,中国,10月社会融资规模:当月值(亿元),重要,25142.21,9791.67,8680.0,credit
2019-11-11 00:00:00,17:00,2019-11-11 17:00:00,中国,10月社会融资规模存量:同比(%),重要,10.67,10.8,10.58,credit
2019-11-30 00:00:00,09:00,2019-11-30 09:00:00,中国,11月官方制造业PMI(%),重要,49.3,49.6,50.2,pmi
2019-12-10 00:00:00,09:30,2019-12-10 09:30:00,中国,11月PPI:同比(%),重要,-1.6,-1.36,-1.4,inflation
2019-12-10 00:00:00,09:30,2019-12-10 09:30:00,中国,11月CPI:同比(%),重要,3.8,4.31,4.5,inflation
2019-12-10 00:00:00,17:02,2019-12-10 17:02:00,中国,11月社会融资规模:当月值(亿元),重要,8680.0,15718.75,19936.92,credit
2019-12-10 00:00:00,17:02,2019-12-10 17:02:00,中国,11月社会融资规模存量:同比(%),重要,10.58,10.75,10.67,credit
2019-12-10 00:00:00,17:03,2019-12-10 17:03:00,中国,11月新增人民币贷款(亿元),重要,6613.0,12562.5,13900.0,credit
2019-12-10 00:00:00,17:03,2019-12-10 17:03:00,中国,11月M1:同比(%),重要,3.3,3.56,3.5,credit
2019-12-10 00:00:00,17:03,2019-12-10 17:03:00,中国,11月M0:同比(%),重要,4.7,,4.8,credit
2019-12-10 00:00:00,17:03,2019-12-10 17:03:00,中国,11月M2:同比(%),重要,8.4,8.44,8.2,credit
2019-12-31 00:00:00,09:00,2019-12-31 09:00:00,中国,12月官方制造业PMI(%),重要,50.2,50.27,50.2,pmi
2020-01-09 00:00:00,09:30,2020-01-09 09:30:00,中国,12月CPI:同比(%),重要,,4.66,,inflation
2020-01-09 00:00:00,09:30,2020-01-09 09:30:00,中国,12月PPI:同比(%),重要,,-0.31,,inflation
2020-01-16 00:00:00,15:00,2020-01-16 15:00:00,中国,12月M2:同比(%),重要,,8.36,,credit
2020-01-16 00:00:00,15:00,2020-01-16 15:00:00,中国,12月新增人民币贷款(亿元),重要,,11250.0,,credit
2020-01-16 00:00:00,15:00,2020-01-16 15:00:00,中国,12月M1:同比(%),重要,,3.8,,credit
2020-01-16 00:00:00,15:00,2020-01-16 15:00:00,中国,12月M0:同比(%),重要,,,,credit
2020-01-16 00:00:00,15:00,2020-01-16 15:00:00,中国,12月社会融资规模:当月值(亿元),重要,,16114.29,,credit
2020-01-16 00:00:00,15:00,2020-01-16 15:00:00,中国,12月社会融资规模存量:同比(%),重要,,10.8,,credit
2020-01-17 00:00:00,10:00,2020-01-17 10:00:00,中国,第四季度GDP:当季同比(%),重要,,6.05,,growth
2020-01-31 00:00:00,09:00,2020-01-31 09:00:00,中国,1月官方制造业PMI(%),重要,,50.0,,pmi
2020-02-10 00:00:00,09:30,2020-02-10 09:30:00,中国,1月CPI:同比(%),重要,,4.79,,inflation
2020-02-10 00:00:00,09:30,2020-02-10 09:30:00,中国,1月PPI:同比(%),重要,,0.17,,inflation
2020-02-20 00:00:00,16:00,2020-02-20 16:00:00,中国,1月M2:同比(%),重要,,8.6,,credit
2020-02-20 00:00:00,16:00,2020-02-20 16:00:00,中国,1月新增人民币贷款(亿元),重要,,28211.11,,credit
2020-02-20 00:00:00,16:00,2020-02-20 16:00:00,中国,1月M1:同比(%),重要,,3.9,,credit
2020-02-20 00:00:00,16:00,2020-02-20 16:00:00,中国,1月M0:同比(%),重要,,,,credit
2020-02-20 00:00:00,16:00,2020-02-20 16:00:00,中国,1月社会融资规模:当月值(亿元),重要,,42862.5,,credit
2020-02-20 00:00:00,16:00,2020-02-20 16:00:00,中国,1月社会融资规模存量:同比(%),重要,,10.6,,credit
2020-02-29 00:00:00,09:00,2020-02-29 09:00:00,中国,2月官方制造业PMI(%),重要,,,,pmi
2020-03-10 00:00:00,09:30,2020-03-10 09:30:00,中国,2月CPI:同比(%),重要,,4.9,,inflation
2020-03-10 00:00:00,09:30,2020-03-10 09:30:00,中国,2月PPI:同比(%),重要,,-0.28,,inflation
2020-03-11 00:00:00,16:01,2020-03-11 16:01:00,中国,2月M2:同比(%),重要,,8.47,,credit
2020-03-11 00:00:00,16:01,2020-03-11 16:01:00,中国,2月新增人民币贷款(亿元),重要,,11960.0,,credit
2020-03-11 00:00:00,16:01,2020-03-11 16:01:00,中国,2月M1:同比(%),重要,,2.82,,credit
2020-03-11 00:00:00,16:01,2020-03-11 16:01:00,中国,2月M0:同比(%),重要,,,,credit
2020-03-11 00:00:00,16:01,2020-03-11 16:01:00,中国,2月社会融资规模:当月值(亿元),重要,,18750.0,,credit
2020-03-11 00:00:00,16:01,2020-03-11 16:01:00,中国,2月社会融资规模存量:同比(%),重要,,10.33,,credit
2020-03-31 00:00:00,09:00,2020-03-31 09:00:00,中国,3月官方制造业PMI(%),重要,,42.5,,pmi
2020-04-10 00:00:00,09:30,2020-04-10 09:30:00,中国,3月CPI:同比(%),重要,,4.79,,inflation
2020-04-10 00:00:00,09:30,2020-04-10 09:30:00,中国,3月PPI:同比(%),重要,,-1.12,,inflation
2020-04-10 00:00:00,15:31,2020-04-10 15:31:00,中国,3月M2:同比(%),重要,,8.72,,credit
2020-04-10 00:00:00,15:31,2020-04-10 15:31:00,中国,3月新增人民币贷款(亿元),重要,,19352.94,,credit
2020-04-10 00:00:00,15:31,2020-04-10 15:31:00,中国,3月M1:同比(%),重要,,4.57,,credit
2020-04-10 00:00:00,15:31,2020-04-10 15:31:00,中国,3月M0:同比(%),重要,,,,credit
2020-04-10 00:00:00,15:31,2020-04-10 15:31:00,中国,3月社会融资规模:当月值(亿元),重要,,31392.86,,credit
2020-04-10 00:00:00,15:31,2020-04-10 15:31:00,中国,3月社会融资规模存量:同比(%),重要,,10.9,,credit
2020-04-17 00:00:00,10:00,2020-04-17 10:00:00,中国,第一季度GDP:当季同比(%),重要,,-4.77,,growth
2020-04-30 00:00:00,09:00,2020-04-30 09:00:00,中国,4月官方制造业PMI(%),重要,,50.1,,pmi
2020-05-11 00:00:00,15:30,2020-05-11 15:30:00,中国,4月M2:同比(%),重要,,10.08,,credit
2020-05-11 00:00:00,15:30,2020-05-11 15:30:00,中国,4月新增人民币贷款(亿元),重要,,12433.33,,credit
2020-05-11 00:00:00,15:30,2020-05-11 15:30:00,中国,4月M1:同比(%),重要,,5.82,,credit
2020-05-11 00:00:00,15:30,2020-05-11 15:30:00,中国,4月M0:同比(%),重要,,,,credit
2020-05-11 00:00:00,15:30,2020-05-11 15:30:00,中国,4月社会融资规模:当月值(亿元),重要,,21618.18,,credit
2020-05-11 00:00:00,15:30,2020-05-11 15:30:00,中国,4月社会融资规模存量:同比(%),重要,,11.75,,credit
2020-05-12 00:00:00,09:30,2020-05-12 09:30:00,中国,4月CPI:同比(%),重要,,3.72,,inflation
2020-05-12 00:00:00,09:30,2020-05-12 09:30:00,中国,4月PPI:同比(%),重要,,-2.59,,inflation
2020-05-31 00:00:00,09:00,2020-05-31 09:00:00,中国,5月官方制造业PMI(%),重要,,51.15,,pmi
2020-06-10 00:00:00,09:30,2020-06-10 09:30:00,中国,5月CPI:同比(%),重要,,2.71,,inflation
2020-06-10 00:00:00,09:30,2020-06-10 09:30:00,中国,5月PPI:同比(%),重要,,-3.26,,inflation
2020-06-10 00:00:00,16:30,2020-06-10 16:30:00,中国,5月M2:同比(%),重要,,11.19,,credit
2020-06-10 00:00:00,16:30,2020-06-10 16:30:00,中国,5月新增人民币贷款(亿元),重要,,14178.57,,credit
2020-06-10 00:00:00,16:30,2020-06-10 16:30:00,中国,5月M1:同比(%),重要,,5.92,,credit
2020-06-10 00:00:00,16:30,2020-06-10 16:30:00,中国,5月M0:同比(%),重要,,,,credit
2020-06-10 00:00:00,16:30,2020-06-10 16:30:00,中国,5月社会融资规模:当月值(亿元),重要,,28363.64,,credit
2020-06-10 00:00:00,16:30,2020-06-10 16:30:00,中国,5月社会融资规模存量:同比(%),重要,,12.37,,credit
2020-06-30 00:00:00,09:00,2020-06-30 09:00:00,中国,6月官方制造业PMI(%),重要,,50.1,,pmi
2020-07-09 00:00:00,09:30,2020-07-09 09:30:00,中国,6月CPI:同比(%),重要,,2.55,,inflation
2020-07-09 00:00:00,09:30,2020-07-09 09:30:00,中国,6月PPI:同比(%),重要,,-3.09,,inflation
2020-07-10 00:00:00,15:30,2020-07-10 15:30:00,中国,6月M2:同比(%),重要,,11.21,,credit
2020-07-10 00:00:00,15:30,2020-07-10 15:30:00,中国,6月新增人民币贷款(亿元),重要,,17641.18,,credit
2020-07-10 00:00:00,15:30,2020-07-10 15:30:00,中国,6月M1:同比(%),重要,,7.01,,credit
2020-07-10 00:00:00,15:30,2020-07-10 15:30:00,中国,6月M0:同比(%),重要,,,,credit
2020-07-10 00:00:00,15:30,2020-07-10 15:30:00,中国,6月社会融资规模:当月值(亿元),重要,,28400.0,,credit
2020-07-10 00:00:00,15:30,2020-07-10 15:30:00,中国,6月社会融资规模存量:同比(%),重要,,12.57,,credit
2020-07-16 00:00:00,10:00,2020-07-16 10:00:00,中国,第二季度GDP:当季同比(%),重要,,2.87,,growth
2020-07-31 00:00:00,09:00,2020-07-31 09:00:00,中国,7月官方制造业PMI(%),重要,,50.5,,pmi
2020-08-10 00:00:00,09:30,2020-08-10 09:30:00,中国,7月CPI:同比(%),重要,,2.64,,inflation
2020-08-10 00:00:00,09:30,2020-08-10 09:30:00,中国,7月PPI:同比(%),重要,,-2.42,,inflation
2020-08-11 00:00:00,16:30,2020-08-11 16:30:00,中国,7月M2:同比(%),重要,,11.15,,credit
2020-08-11 00:00:00,16:30,2020-08-11 16:30:00,中国,7月新增人民币贷款(亿元),重要,,11815.93,,credit
2020-08-11 00:00:00,16:30,2020-08-11 16:30:00,中国,7月M1:同比(%),重要,,7.32,,credit
2020-08-11 00:00:00,16:30,2020-08-11 16:30:00,中国,7月M0:同比(%),重要,,,,credit
2020-08-11 00:00:00,16:30,2020-08-11 16:30:00,中国,7月社会融资规模:当月值(亿元),重要,,18635.14,,credit
2020-08-11 00:00:00,16:30,2020-08-11 16:30:00,中国,7月社会融资规模存量:同比(%),重要,,12.8,,credit
2020-08-31 00:00:00,09:00,2020-08-31 09:00:00,中国,8月官方制造业PMI(%),重要,,51.5,,pmi
2020-09-09 00:00:00,09:30,2020-09-09 09:30:00,中国,8月CPI:同比(%),重要,,2.41,,inflation
2020-09-09 00:00:00,09:30,2020-09-09 09:30:00,中国,8月PPI:同比(%),重要,,-1.97,,inflation
2020-09-11 00:00:00,16:00,2020-09-11 16:00:00,中国,8月M2:同比(%),重要,,10.75,,credit
2020-09-11 00:00:00,16:00,2020-09-11 16:00:00,中国,8月新增人民币贷款(亿元),重要,,12194.47,,credit
2020-09-11 00:00:00,16:00,2020-09-11 16:00:00,中国,8月M1:同比(%),重要,,6.92,,credit
2020-09-11 00:00:00,16:00,2020-09-11 16:00:00,中国,8月M0:同比(%),重要,,,,credit
2020-09-11 00:00:00,16:00,2020-09-11 16:00:00,中国,8月社会融资规模:当月值(亿元),重要,,26630.17,,credit
2020-09-11 00:00:00,16:00,2020-09-11 16:00:00,中国,8月社会融资规模存量:同比(%),重要,,13.0,,credit
2020-09-30 00:00:00,09:00,2020-09-30 09:00:00,中国,9月官方制造业PMI(%),重要,,51.23,,pmi
2020-10-14 00:00:00,16:31,2020-10-14 16:31:00,中国,9月M2:同比(%),重要,,10.47,,credit
2020-10-14 00:00:00,16:31,2020-10-14 16:31:00,中国,9月新增人民币贷款(亿元),重要,,17485.71,,credit
2020-10-14 00:00:00,16:31,2020-10-14 16:31:00,中国,9月M1:同比(%),重要,,8.05,,credit
2020-10-14 00:00:00,16:31,2020-10-14 16:31:00,中国,9月M0:同比(%),重要,,,,credit
2020-10-14 00:00:00,16:31,2020-10-14 16:31:00,中国,9月社会融资规模:当月值(亿元),重要,,29483.33,,credit
2020-10-14 00:00:00,16:31,2020-10-14 16:31:00,中国,9月社会融资规模存量:同比(%),重要,,13.4,,credit
2020-10-15 00:00:00,09:30,2020-10-15 09:30:00,中国,9月CPI:同比(%),重要,,1.81,,inflation
2020-10-15 00:00:00,09:30,2020-10-15 09:30:00,中国,9月PPI:同比(%),重要,,-1.65,,inflation
2020-10-19 00:00:00,10:00,2020-10-19 10:00:00,中国,第三季度GDP:当季同比(%),重要,,5.24,,growth
2020-10-31 00:00:00,09:00,2020-10-31 09:00:00,中国,10月官方制造业PMI(%),重要,,51.0,,pmi
2020-11-10 00:00:00,09:30,2020-11-10 09:30:00,中国,10月CPI:同比(%),重要,,0.75,,inflation
2020-11-10 00:00:00,09:30,2020-11-10 09:30:00,中国,10月PPI:同比(%),重要,,-2.07,,inflation
2020-11-11 00:00:00,16:00,2020-11-11 16:00:00,中国,10月M2:同比(%),重要,,10.83,,credit
2020-11-11 00:00:00,16:00,2020-11-11 16:00:00,中国,10月新增人民币贷款(亿元),重要,,7880.0,,credit
2020-11-11 00:00:00,16:00,2020-11-11 16:00:00,中国,10月M1:同比(%),重要,,8.2,,credit
2020-11-11 00:00:00,16:00,2020-11-11 16:00:00,中国,10月M0:同比(%),重要,,,,credit
2020-11-11 00:00:00,16:00,2020-11-11 16:00:00,中国,10月社会融资规模:当月值(亿元),重要,,14216.67,,credit
2020-11-11 00:00:00,16:00,2020-11-11 16:00:00,中国,10月社会融资规模存量:同比(%),重要,,13.5,,credit
2020-11-30 00:00:00,09:00,2020-11-30 09:00:00,中国,11月官方制造业PMI(%),重要,,51.5,,pmi
2020-12-09 00:00:00,09:30,2020-12-09 09:30:00,中国,11月CPI:同比(%),重要,,0.06,,inflation
2020-12-09 00:00:00,09:30,2020-12-09 09:30:00,中国,11月PPI:同比(%),重要,,-1.46,,inflation
2020-12-09 00:00:00,16:13,2020-12-09 16:13:00,中国,11月M2:同比(%),重要,,10.59,,credit
2020-12-09 00:00:00,16:13,2020-12-09 16:13:00,中国,11月新增人民币贷款(亿元),重要,,13730.77,,credit
2020-12-09 00:00:00,16:13,2020-12-09 16:13:00,中国,11月M1:同比(%),重要,,9.45,,credit
2020-12-09 00:00:00,16:13,2020-12-09 16:13:00,中国,11月M0:同比(%),重要,,,,credit
2020-12-09 00:00:00,16:13,2020-12-09 16:13:00,中国,11月社会融资规模:当月值(亿元),重要,,20500.0,,credit
2020-12-09 00:00:00,16:13,2020-12-09 16:13:00,中国,11月社会融资规模存量:同比(%),重要,,13.7,,credit
2020-12-31 00:00:00,09:00,2020-12-31 09:00:00,中国,12月官方制造业PMI(%),重要,,52.3,,pmi
2021-01-11 00:00:00,09:30,2021-01-11 09:30:00,中国,12月CPI:同比(%),重要,,0.09,,inflation
2021-01-11 00:00:00,09:30,2021-01-11 09:30:00,中国,12月PPI:同比(%),重要,,-0.69,,inflation
2021-01-12 00:00:00,19:00,2021-01-12 19:00:00,中国,12月M2:同比(%),重要,,10.66,,credit
2021-01-12 00:00:00,19:00,2021-01-12 19:00:00,中国,12月新增人民币贷款(亿元),重要,,12069.23,,credit
2021-01-12 00:00:00,19:00,2021-01-12 19:00:00,中国,12月M1:同比(%),重要,,9.87,,credit
2021-01-12 00:00:00,19:00,2021-01-12 19:00:00,中国,12月M0:同比(%),重要,,,,credit
2021-01-12 00:00:00,19:00,2021-01-12 19:00:00,中国,12月社会融资规模:当月值(亿元),重要,,21800.0,,credit
2021-01-12 00:00:00,19:00,2021-01-12 19:00:00,中国,12月社会融资规模存量:同比(%),重要,,13.55,,credit
2021-01-18 00:00:00,10:00,2021-01-18 10:00:00,中国,第四季度GDP:当季同比(%),重要,,6.23,,growth
2021-01-31 00:00:00,09:00,2021-01-31 09:00:00,中国,1月官方制造业PMI(%),重要,,51.3,,pmi
2021-02-09 00:00:00,16:02,2021-02-09 16:02:00,中国,1月M2:同比(%),重要,10.1,10.15,9.4,credit
2021-02-09 00:00:00,16:02,2021-02-09 16:02:00,中国,1月新增人民币贷款(亿元),重要,12600.0,35300.0,35800.0,credit
2021-02-09 00:00:00,16:02,2021-02-09 16:02:00,中国,1月M1:同比(%),重要,8.6,9.67,14.7,credit
2021-02-09 00:00:00,16:02,2021-02-09 16:02:00,中国,1月M0:同比(%),重要,9.2,,-3.9,credit
2021-02-09 00:00:00,16:02,2021-02-09 16:02:00,中国,1月社会融资规模:当月值(亿元),重要,16476.0,44650.0,51884.0,credit
2021-02-09 00:00:00,16:02,2021-02-09 16:02:00,中国,1月社会融资规模存量:同比(%),重要,13.3,12.7,13.0,credit
2021-02-10 00:00:00,09:30,2021-02-10 09:30:00,中国,1月CPI:同比(%),重要,0.2,-0.13,-0.3,inflation
2021-02-10 00:00:00,09:30,2021-02-10 09:30:00,中国,1月PPI:同比(%),重要,-0.4,0.29,0.3,inflation
2021-02-28 00:00:00,15:00,2021-02-28 15:00:00,中国,2月官方制造业PMI(%),重要,51.3,50.7,50.6,pmi
2021-03-10 00:00:00,09:30,2021-03-10 09:30:00,中国,2月CPI:同比(%),重要,,-0.48,,inflation
2021-03-10 00:00:00,09:30,2021-03-10 09:30:00,中国,2月PPI:同比(%),重要,,1.47,,inflation
2021-03-10 00:00:00,16:30,2021-03-10 16:30:00,中国,2月M2:同比(%),重要,,9.57,,credit
2021-03-10 00:00:00,16:30,2021-03-10 16:30:00,中国,2月新增人民币贷款(亿元),重要,,9180.0,,credit
2021-03-10 00:00:00,16:30,2021-03-10 16:30:00,中国,2月M1:同比(%),重要,,9.6,,credit
2021-03-10 00:00:00,16:30,2021-03-10 16:30:00,中国,2月M0:同比(%),重要,,,,credit
2021-03-10 00:00:00,16:30,2021-03-10 16:30:00,中国,2月社会融资规模:当月值(亿元),重要,,10514.29,,credit
2021-03-10 00:00:00,16:30,2021-03-10 16:30:00,中国,2月社会融资规模存量:同比(%),重要,,13.05,,credit
2021-03-31 00:00:00,09:00,2021-03-31 09:00:00,中国,3月官方制造业PMI(%),重要,,50.3,,pmi
2021-04-09 00:00:00,09:30,2021-04-09 09:30:00,中国,3月CPI:同比(%),重要,,0.19,,inflation
2021-04-09 00:00:00,09:30,2021-04-09 09:30:00,中国,3月PPI:同比(%),重要,,3.29,,inflation
2021-04-12 00:00:00,16:00,2021-04-12 16:00:00,中国,3月M2:同比(%),重要,,9.59,,credit
2021-04-12 00:00:00,16:00,2021-04-12 16:00:00,中国,3月新增人民币贷款(亿元),重要,,25038.46,,credit
2021-04-12 00:00:00,16:00,2021-04-12 16:00:00,中国,3月M1:同比(%),重要,,7.66,,credit
2021-04-12 00:00:00,16:00,2021-04-12 16:00:00,中国,3月M0:同比(%),重要,,,,credit
2021-04-12 00:00:00,16:00,2021-04-12 16:00:00,中国,3月社会融资规模:当月值(亿元),重要,,36000.0,,credit
2021-04-12 00:00:00,16:00,2021-04-12 16:00:00,中国,3月社会融资规模存量:同比(%),重要,,12.3,,credit
2021-04-16 00:00:00,10:00,2021-04-16 10:00:00,中国,第一季度GDP:当季同比(%),重要,,18.85,,growth
2021-04-30 00:00:00,09:00,2021-04-30 09:00:00,中国,4月官方制造业PMI(%),重要,,52.1,,pmi
2021-05-11 00:00:00,09:30,2021-05-11 09:30:00,中国,4月CPI:同比(%),重要,,0.96,,inflation
2021-05-11 00:00:00,09:30,2021-05-11 09:30:00,中国,4月PPI:同比(%),重要,,6.29,,inflation
2021-05-12 00:00:00,16:30,2021-05-12 16:30:00,中国,4月M2:同比(%),重要,,9.13,,credit
2021-05-12 00:00:00,16:30,2021-05-12 16:30:00,中国,4月新增人民币贷款(亿元),重要,,15636.36,,credit
2021-05-12 00:00:00,16:30,2021-05-12 16:30:00,中国,4月M1:同比(%),重要,,7.25,,credit
2021-05-12 00:00:00,16:30,2021-05-12 16:30:00,中国,4月M0:同比(%),重要,,,,credit
2021-05-12 00:00:00,16:30,2021-05-12 16:30:00,中国,4月社会融资规模:当月值(亿元),重要,,22450.0,,credit
2021-05-12 00:00:00,16:30,2021-05-12 16:30:00,中国,4月社会融资规模存量:同比(%),重要,,12.0,,credit
2021-05-31 00:00:00,09:00,2021-05-31 09:00:00,中国,5月官方制造业PMI(%),重要,,51.0,,pmi
2021-06-09 00:00:00,09:30,2021-06-09 09:30:00,中国,5月CPI:同比(%),重要,,1.58,,inflation
2021-06-09 00:00:00,09:30,2021-06-09 09:30:00,中国,5月PPI:同比(%),重要,,8.23,,inflation
2021-06-10 00:00:00,16:00,2021-06-10 16:00:00,中国,5月M2:同比(%),重要,,8.14,,credit
2021-06-10 00:00:00,16:00,2021-06-10 16:00:00,中国,5月新增人民币贷款(亿元),重要,,14123.53,,credit
2021-06-10 00:00:00,16:00,2021-06-10 16:00:00,中国,5月M1:同比(%),重要,,5.73,,credit
2021-06-10 00:00:00,16:00,2021-06-10 16:00:00,中国,5月M0:同比(%),重要,,,,credit
2021-06-10 00:00:00,16:00,2021-06-10 16:00:00,中国,5月社会融资规模:当月值(亿元),重要,,20733.33,,credit
2021-06-10 00:00:00,16:00,2021-06-10 16:00:00,中国,5月社会融资规模存量:同比(%),重要,,11.15,,credit
2021-06-30 00:00:00,09:00,2021-06-30 09:00:00,中国,6月官方制造业PMI(%),重要,,50.35,,pmi
2021-07-09 00:00:00,09:30,2021-07-09 09:30:00,中国,6月CPI:同比(%),重要,,1.23,,inflation
2021-07-09 00:00:00,09:30,2021-07-09 09:30:00,中国,6月PPI:同比(%),重要,,8.5,,inflation
2021-07-09 00:00:00,17:00,2021-07-09 17:00:00,中国,6月M2:同比(%),重要,,8.28,,credit
2021-07-09 00:00:00,17:00,2021-07-09 17:00:00,中国,6月新增人民币贷款(亿元),重要,,17446.67,,credit
2021-07-09 00:00:00,17:00,2021-07-09 17:00:00,中国,6月M1:同比(%),重要,,5.86,,credit
2021-07-09 00:00:00,17:00,2021-07-09 17:00:00,中国,6月M0:同比(%),重要,,,,credit
2021-07-09 00:00:00,17:00,2021-07-09 17:00:00,中国,6月社会融资规模:当月值(亿元),重要,,30307.14,,credit
2021-07-09 00:00:00,17:00,2021-07-09 17:00:00,中国,6月社会融资规模存量:同比(%),重要,,10.6,,credit
2021-07-15 00:00:00,10:00,2021-07-15 10:00:00,中国,第二季度GDP:当季同比(%),重要,,8.43,,growth
2021-07-31 00:00:00,09:00,2021-07-31 09:00:00,中国,7月官方制造业PMI(%),重要,,50.9,,pmi
2021-08-09 00:00:00,09:30,2021-08-09 09:30:00,中国,7月CPI:同比(%),重要,,0.82,,inflation
2021-08-09 00:00:00,09:30,2021-08-09 09:30:00,中国,7月PPI:同比(%),重要,,8.8,,inflation
2021-08-11 00:00:00,16:00,2021-08-11 16:00:00,中国,7月M2:同比(%),重要,,8.7,,credit
2021-08-11 00:00:00,16:00,2021-08-11 16:00:00,中国,7月新增人民币贷款(亿元),重要,,10925.0,,credit
2021-08-11 00:00:00,16:00,2021-08-11 16:00:00,中国,7月M1:同比(%),重要,,5.26,,credit
2021-08-11 00:00:00,16:00,2021-08-11 16:00:00,中国,7月M0:同比(%),重要,,,,credit
2021-08-11 00:00:00,16:00,2021-08-11 16:00:00,中国,7月社会融资规模:当月值(亿元),重要,,15735.71,,credit
2021-08-11 00:00:00,16:00,2021-08-11 16:00:00,中国,7月社会融资规模存量:同比(%),重要,,11.05,,credit
2021-08-31 00:00:00,09:00,2021-08-31 09:00:00,中国,8月官方制造业PMI(%),重要,,50.9,,pmi
2021-09-09 00:00:00,09:30,2021-09-09 09:30:00,中国,8月CPI:同比(%),重要,,1.01,,inflation
2021-09-09 00:00:00,09:30,2021-09-09 09:30:00,中国,8月PPI:同比(%),重要,,9.05,,inflation
2021-09-10 00:00:00,16:30,2021-09-10 16:30:00,中国,8月M2:同比(%),重要,,8.34,,credit
2021-09-10 00:00:00,16:30,2021-09-10 16:30:00,中国,8月新增人民币贷款(亿元),重要,,14270.0,,credit
2021-09-10 00:00:00,16:30,2021-09-10 16:30:00,中国,8月M1:同比(%),重要,,4.3,,credit
2021-09-10 00:00:00,16:30,2021-09-10 16:30:00,中国,8月M0:同比(%),重要,,,,credit
2021-09-10 00:00:00,16:30,2021-09-10 16:30:00,中国,8月社会融资规模:当月值(亿元),重要,,28625.0,,credit
2021-09-10 00:00:00,16:30,2021-09-10 16:30:00,中国,8月社会融资规模存量:同比(%),重要,,10.1,,credit
2021-09-30 00:00:00,09:00,2021-09-30 09:00:00,中国,9月官方制造业PMI(%),重要,,49.8,,pmi
2021-10-13 00:00:00,17:00,2021-10-13 17:00:00,中国,9月M2:同比(%),重要,,8.14,,credit
2021-10-13 00:00:00,17:00,2021-10-13 17:00:00,中国,9月新增人民币贷款(亿元),重要,,18975.0,,credit
2021-10-13 00:00:00,17:00,2021-10-13 17:00:00,中国,9月M1:同比(%),重要,,4.06,,credit
2021-10-13 00:00:00,17:00,2021-10-13 17:00:00,中国,9月M0:同比(%),重要,,,,credit
2021-10-13 00:00:00,17:00,2021-10-13 17:00:00,中国,9月社会融资规模:当月值(亿元),重要,,32181.82,,credit
2021-10-13 00:00:00,17:00,2021-10-13 17:00:00,中国,9月社会融资规模存量:同比(%),重要,,10.15,,credit
2021-10-14 00:00:00,09:30,2021-10-14 09:30:00,中国,9月CPI:同比(%),重要,,0.82,,inflation
2021-10-14 00:00:00,09:30,2021-10-14 09:30:00,中国,9月PPI:同比(%),重要,,10.14,,inflation
2021-10-18 00:00:00,10:00,2021-10-18 10:00:00,中国,第三季度GDP:当季同比(%),重要,,5.34,,growth
2021-10-31 00:00:00,09:00,2021-10-31 09:00:00,中国,10月官方制造业PMI(%),重要,,49.7,,pmi
2021-11-10 00:00:00,09:30,2021-11-10 09:30:00,中国,10月CPI:同比(%),重要,,1.29,,inflation
2021-11-10 00:00:00,09:30,2021-11-10 09:30:00,中国,10月PPI:同比(%),重要,,11.94,,inflation
2021-11-10 00:00:00,16:00,2021-11-10 16:00:00,中国,10月M2:同比(%),重要,,8.35,,credit
2021-11-10 00:00:00,16:00,2021-11-10 16:00:00,中国,10月新增人民币贷款(亿元),重要,,7290.91,,credit
2021-11-10 00:00:00,16:00,2021-11-10 16:00:00,中国,10月M1:同比(%),重要,,3.33,,credit
2021-11-10 00:00:00,16:00,2021-11-10 16:00:00,中国,10月M0:同比(%),重要,,,,credit
2021-11-10 00:00:00,16:00,2021-11-10 16:00:00,中国,10月社会融资规模:当月值(亿元),重要,,15800.0,,credit
2021-11-10 00:00:00,16:00,2021-11-10 16:00:00,中国,10月社会融资规模存量:同比(%),重要,,10.11,,credit
2021-11-30 00:00:00,09:00,2021-11-30 09:00:00,中国,11月官方制造业PMI(%),重要,,,,pmi
2021-12-09 00:00:00,09:30,2021-12-09 09:30:00,中国,11月CPI:同比(%),重要,,2.47,,inflation
2021-12-09 00:00:00,09:30,2021-12-09 09:30:00,中国,11月PPI:同比(%),重要,,12.02,,inflation
2021-12-09 00:00:00,16:30,2021-12-09 16:30:00,中国,11月M2:同比(%),重要,,8.67,,credit
2021-12-09 00:00:00,16:30,2021-12-09 16:30:00,中国,11月新增人民币贷款(亿元),重要,,15209.09,,credit
2021-12-09 00:00:00,16:30,2021-12-09 16:30:00,中国,11月M1:同比(%),重要,,2.77,,credit
2021-12-09 00:00:00,16:30,2021-12-09 16:30:00,中国,11月M0:同比(%),重要,,,,credit
2021-12-09 00:00:00,16:30,2021-12-09 16:30:00,中国,11月社会融资规模:当月值(亿元),重要,,28011.11,,credit
2021-12-09 00:00:00,16:30,2021-12-09 16:30:00,中国,11月社会融资规模存量:同比(%),重要,,10.23,,credit
2021-12-31 00:00:00,09:00,2021-12-31 09:00:00,中国,12月官方制造业PMI(%),重要,,50.25,,pmi
2022-01-12 00:00:00,09:30,2022-01-12 09:30:00,中国,12月PPI:同比(%),重要,,10.84,,inflation
2022-01-12 00:00:00,09:30,2022-01-12 09:30:00,中国,12月CPI:同比(%),重要,,1.72,,inflation
2022-01-12 00:00:00,16:30,2022-01-12 16:30:00,中国,12月M2:同比(%),重要,,8.65,,credit
2022-01-12 00:00:00,16:30,2022-01-12 16:30:00,中国,12月新增人民币贷款(亿元),重要,,12536.36,,credit
2022-01-12 00:00:00,16:30,2022-01-12 16:30:00,中国,12月M1:同比(%),重要,,3.43,,credit
2022-01-12 00:00:00,16:30,2022-01-12 16:30:00,中国,12月M0:同比(%),重要,,,,credit
2022-01-12 00:00:00,16:30,2022-01-12 16:30:00,中国,12月社会融资规模:当月值(亿元),重要,,24570.0,,credit
2022-01-12 00:00:00,16:30,2022-01-12 16:30:00,中国,12月社会融资规模存量:同比(%),重要,,10.35,,credit
2022-01-17 00:00:00,10:00,2022-01-17 10:00:00,中国,第四季度GDP:当季同比(%),重要,,3.97,,growth
2022-01-30 00:00:00,09:30,2022-01-30 09:30:00,中国,1月官方制造业PMI(%),重要,,50.1,,pmi
2022-02-10 00:00:00,18:00,2022-02-10 18:00:00,中国,1月M2:同比(%),重要,9.0,9.39,9.8,credit
2022-02-10 00:00:00,18:00,2022-02-10 18:00:00,中国,1月新增人民币贷款(亿元),重要,11300.0,37687.5,39800.0,credit
2022-02-10 00:00:00,18:00,2022-02-10 18:00:00,中国,1月M1:同比(%),重要,3.5,3.17,-1.9,credit
2022-02-10 00:00:00,18:00,2022-02-10 18:00:00,中国,1月M0:同比(%),重要,7.7,,18.5,credit
2022-02-10 00:00:00,18:00,2022-02-10 18:00:00,中国,1月社会融资规模:当月值(亿元),重要,23580.0,54471.43,61759.0,credit
2022-02-10 00:00:00,18:00,2022-02-10 18:00:00,中国,1月社会融资规模存量:同比(%),重要,10.3,10.2,10.5,credit
2022-02-16 00:00:00,09:30,2022-02-16 09:30:00,中国,1月PPI:同比(%),重要,10.3,9.28,9.1,inflation
2022-02-16 00:00:00,09:30,2022-02-16 09:30:00,中国,1月CPI:同比(%),重要,1.5,1.11,0.9,inflation
2022-03-01 00:00:00,09:30,2022-03-01 09:30:00,中国,2月官方制造业PMI(%),重要,,49.8,,pmi
2022-03-09 00:00:00,09:30,2022-03-09 09:30:00,中国,2月PPI:同比(%),重要,,8.79,,inflation
2022-03-09 00:00:00,09:30,2022-03-09 09:30:00,中国,2月CPI:同比(%),重要,,0.81,,inflation
2022-03-11 00:00:00,16:00,2022-03-11 16:00:00,中国,2月M2:同比(%),重要,,9.53,,credit
2022-03-11 00:00:00,16:00,2022-03-11 16:00:00,中国,2月新增人民币贷款(亿元),重要,,14743.75,,credit
2022-03-11 00:00:00,16:00,2022-03-11 16:00:00,中国,2月M1:同比(%),重要,,3.4,,credit
2022-03-11 00:00:00,16:00,2022-03-11 16:00:00,中国,2月M0:同比(%),重要,,,,credit
2022-03-11 00:00:00,16:00,2022-03-11 16:00:00,中国,2月社会融资规模:当月值(亿元),重要,,22207.69,,credit
2022-03-11 00:00:00,16:00,2022-03-11 16:00:00,中国,2月社会融资规模存量:同比(%),重要,,10.58,,credit
2022-03-31 00:00:00,09:30,2022-03-31 09:30:00,中国,3月官方制造业PMI(%),重要,,49.6,,pmi
2022-04-11 00:00:00,09:30,2022-04-11 09:30:00,中国,3月PPI:同比(%),重要,,8.0,,inflation
2022-04-11 00:00:00,09:30,2022-04-11 09:30:00,中国,3月CPI:同比(%),重要,,1.25,,inflation
2022-04-11 00:00:00,16:00,2022-04-11 16:00:00,中国,3月M2:同比(%),重要,,9.16,,credit
2022-04-11 00:00:00,16:00,2022-04-11 16:00:00,中国,3月新增人民币贷款(亿元),重要,,26605.56,,credit
2022-04-11 00:00:00,16:00,2022-04-11 16:00:00,中国,3月M1:同比(%),重要,,4.25,,credit
2022-04-11 00:00:00,16:00,2022-04-11 16:00:00,中国,3月M0:同比(%),重要,,,,credit
2022-04-11 00:00:00,16:00,2022-04-11 16:00:00,中国,3月社会融资规模:当月值(亿元),重要,,36050.0,,credit
2022-04-11 00:00:00,16:00,2022-04-11 16:00:00,中国,3月社会融资规模存量:同比(%),重要,,10.26,,credit
2022-04-18 00:00:00,10:00,2022-04-18 10:00:00,中国,第一季度GDP:当季同比(%),重要,,4.77,,growth
2022-04-30 00:00:00,09:30,2022-04-30 09:30:00,中国,4月官方制造业PMI(%),重要,,,,pmi
2022-05-11 00:00:00,09:30,2022-05-11 09:30:00,中国,4月PPI:同比(%),重要,,7.79,,inflation
2022-05-11 00:00:00,09:30,2022-05-11 09:30:00,中国,4月CPI:同比(%),重要,,2.01,,inflation
2022-05-13 00:00:00,16:30,2022-05-13 16:30:00,中国,4月M2:同比(%),重要,,9.93,,credit
2022-05-13 00:00:00,16:30,2022-05-13 16:30:00,中国,4月新增人民币贷款(亿元),重要,,14572.73,,credit
2022-05-13 00:00:00,16:30,2022-05-13 16:30:00,中国,4月M1:同比(%),重要,,5.3,,credit
2022-05-13 00:00:00,16:30,2022-05-13 16:30:00,中国,4月M0:同比(%),重要,,,,credit
2022-05-13 00:00:00,16:30,2022-05-13 16:30:00,中国,4月社会融资规模:当月值(亿元),重要,,20937.5,,credit
2022-05-13 00:00:00,16:30,2022-05-13 16:30:00,中国,4月社会融资规模存量:同比(%),重要,,10.65,,credit
2022-05-31 00:00:00,09:30,2022-05-31 09:30:00,中国,5月官方制造业PMI(%),重要,,48.55,,pmi
2022-06-10 00:00:00,09:30,2022-06-10 09:30:00,中国,5月PPI:同比(%),重要,,6.3,,inflation
2022-06-10 00:00:00,09:30,2022-06-10 09:30:00,中国,5月CPI:同比(%),重要,,2.15,,inflation
2022-06-10 00:00:00,16:00,2022-06-10 16:00:00,中国,5月M2:同比(%),重要,,10.49,,credit
2022-06-10 00:00:00,16:00,2022-06-10 16:00:00,中国,5月新增人民币贷款(亿元),重要,,14126.67,,credit
2022-06-10 00:00:00,16:00,2022-06-10 16:00:00,中国,5月M1:同比(%),重要,,7.23,,credit
2022-06-10 00:00:00,16:00,2022-06-10 16:00:00,中国,5月M0:同比(%),重要,,,,credit
2022-06-10 00:00:00,16:00,2022-06-10 16:00:00,中国,5月社会融资规模:当月值(亿元),重要,,23961.54,,credit
2022-06-10 00:00:00,16:00,2022-06-10 16:00:00,中国,5月社会融资规模存量:同比(%),重要,,10.47,,credit
2022-06-30 00:00:00,09:30,2022-06-30 09:30:00,中国,6月官方制造业PMI(%),重要,,,,pmi
2022-07-09 00:00:00,09:30,2022-07-09 09:30:00,中国,6月PPI:同比(%),重要,,6.05,,inflation
2022-07-09 00:00:00,09:30,2022-07-09 09:30:00,中国,6月CPI:同比(%),重要,,2.39,,inflation
2022-07-11 00:00:00,17:00,2022-07-11 17:00:00,中国,6月M2:同比(%),重要,,10.83,,credit
2022-07-11 00:00:00,17:00,2022-07-11 17:00:00,中国,6月新增人民币贷款(亿元),重要,,24142.86,,credit
2022-07-11 00:00:00,17:00,2022-07-11 17:00:00,中国,6月M1:同比(%),重要,,5.13,,credit
2022-07-11 00:00:00,17:00,2022-07-11 17:00:00,中国,6月M0:同比(%),重要,,,,credit
2022-07-11 00:00:00,17:00,2022-07-11 17:00:00,中国,6月社会融资规模:当月值(亿元),重要,,46861.54,,credit
2022-07-11 00:00:00,17:00,2022-07-11 17:00:00,中国,6月社会融资规模存量:同比(%),重要,,10.65,,credit
2022-07-15 00:00:00,10:00,2022-07-15 10:00:00,中国,第二季度GDP:当季同比(%),重要,,1.16,,growth
2022-07-31 00:00:00,09:30,2022-07-31 09:30:00,中国,7月官方制造业PMI(%),重要,,50.2,,pmi
2022-08-10 00:00:00,09:30,2022-08-10 09:30:00,中国,7月PPI:同比(%),重要,,4.72,,inflation
2022-08-10 00:00:00,09:30,2022-08-10 09:30:00,中国,7月CPI:同比(%),重要,,2.86,,inflation
2022-08-12 00:00:00,18:00,2022-08-12 18:00:00,中国,7月M2:同比(%),重要,,11.58,,credit
2022-08-12 00:00:00,18:00,2022-08-12 18:00:00,中国,7月新增人民币贷款(亿元),重要,,11320.0,,credit
2022-08-12 00:00:00,18:00,2022-08-12 18:00:00,中国,7月M1:同比(%),重要,,6.8,,credit
2022-08-12 00:00:00,18:00,2022-08-12 18:00:00,中国,7月M0:同比(%),重要,,,,credit
2022-08-12 00:00:00,18:00,2022-08-12 18:00:00,中国,7月社会融资规模:当月值(亿元),重要,,13507.69,,credit
2022-08-12 00:00:00,18:00,2022-08-12 18:00:00,中国,7月社会融资规模存量:同比(%),重要,,10.95,,credit
2022-08-31 00:00:00,09:30,2022-08-31 09:30:00,中国,8月官方制造业PMI(%),重要,,49.2,,pmi
2022-09-09 00:00:00,09:30,2022-09-09 09:30:00,中国,8月PPI:同比(%),重要,,3.0,,inflation
2022-09-09 00:00:00,09:30,2022-09-09 09:30:00,中国,8月CPI:同比(%),重要,,2.76,,inflation
2022-09-09 00:00:00,16:00,2022-09-09 16:00:00,中国,8月M2:同比(%),重要,,11.87,,credit
2022-09-09 00:00:00,16:00,2022-09-09 16:00:00,中国,8月新增人民币贷款(亿元),重要,,13983.33,,credit
2022-09-09 00:00:00,16:00,2022-09-09 16:00:00,中国,8月M1:同比(%),重要,,6.93,,credit
2022-09-09 00:00:00,16:00,2022-09-09 16:00:00,中国,8月M0:同比(%),重要,,,,credit
2022-09-09 00:00:00,16:00,2022-09-09 16:00:00,中国,8月社会融资规模:当月值(亿元),重要,,20930.0,,credit
2022-09-09 00:00:00,16:00,2022-09-09 16:00:00,中国,8月社会融资规模存量:同比(%),重要,,10.44,,credit
2022-09-30 00:00:00,09:30,2022-09-30 09:30:00,中国,9月官方制造业PMI(%),重要,,,,pmi
2022-10-11 00:00:00,20:30,2022-10-11 20:30:00,中国,9月M2:同比(%),重要,,11.95,,credit
2022-10-11 00:00:00,20:30,2022-10-11 20:30:00,中国,9月新增人民币贷款(亿元),重要,,17610.0,,credit
2022-10-11 00:00:00,20:30,2022-10-11 20:30:00,中国,9月M1:同比(%),重要,,6.0,,credit
2022-10-11 00:00:00,20:30,2022-10-11 20:30:00,中国,9月M0:同比(%),重要,,,,credit
2022-10-11 00:00:00,20:30,2022-10-11 20:30:00,中国,9月社会融资规模:当月值(亿元),重要,,28014.29,,credit
2022-10-11 00:00:00,20:30,2022-10-11 20:30:00,中国,9月社会融资规模存量:同比(%),重要,,10.46,,credit
2022-10-14 00:00:00,09:30,2022-10-14 09:30:00,中国,9月PPI:同比(%),重要,,1.11,,inflation
2022-10-14 00:00:00,09:30,2022-10-14 09:30:00,中国,9月CPI:同比(%),重要,,3.0,,inflation
2022-10-24 00:00:00,09:30,2022-10-24 09:30:00,中国,第三季度GDP:当季同比(%),重要,,3.68,,growth
2022-10-31 00:00:00,09:30,2022-10-31 09:30:00,中国,10月官方制造业PMI(%),重要,,,,pmi
2022-11-09 00:00:00,09:30,2022-11-09 09:30:00,中国,10月PPI:同比(%),重要,,-1.08,,inflation
2022-11-09 00:00:00,09:30,2022-11-09 09:30:00,中国,10月CPI:同比(%),重要,,2.41,,inflation
2022-11-10 00:00:00,18:15,2022-11-10 18:15:00,中国,10月M2:同比(%),重要,,11.99,,credit
2022-11-10 00:00:00,18:15,2022-11-10 18:15:00,中国,10月新增人民币贷款(亿元),重要,,8510.71,,credit
2022-11-10 00:00:00,18:15,2022-11-10 18:15:00,中国,10月M1:同比(%),重要,,6.57,,credit
2022-11-10 00:00:00,18:15,2022-11-10 18:15:00,中国,10月M0:同比(%),重要,,,,credit
2022-11-10 00:00:00,18:15,2022-11-10 18:15:00,中国,10月社会融资规模:当月值(亿元),重要,,16791.67,,credit
2022-11-10 00:00:00,18:15,2022-11-10 18:15:00,中国,10月社会融资规模存量:同比(%),重要,,10.6,,credit
2022-11-30 00:00:00,09:30,2022-11-30 09:30:00,中国,11月官方制造业PMI(%),重要,,49.3,,pmi
2022-12-09 00:00:00,09:30,2022-12-09 09:30:00,中国,11月PPI:同比(%),重要,,-1.46,,inflation
2022-12-09 00:00:00,09:30,2022-12-09 09:30:00,中国,11月CPI:同比(%),重要,,1.63,,inflation
2022-12-12 00:00:00,16:09,2022-12-12 16:09:00,中国,11月M2:同比(%),重要,,11.72,,credit
2022-12-12 00:00:00,16:09,2022-12-12 16:09:00,中国,11月新增人民币贷款(亿元),重要,,13228.57,,credit
2022-12-12 00:00:00,16:09,2022-12-12 16:09:00,中国,11月M1:同比(%),重要,,5.8,,credit
2022-12-12 00:00:00,16:09,2022-12-12 16:09:00,中国,11月M0:同比(%),重要,,,,credit
2022-12-12 00:00:00,16:09,2022-12-12 16:09:00,中国,11月社会融资规模:当月值(亿元),重要,,21545.69,,credit
2022-12-12 00:00:00,16:09,2022-12-12 16:09:00,中国,11月社会融资规模存量:同比(%),重要,,10.11,,credit
2022-12-31 00:00:00,09:30,2022-12-31 09:30:00,中国,12月官方制造业PMI(%),重要,,,,pmi
2023-01-10 00:00:00,17:05,2023-01-10 17:05:00,中国,12月M2:同比(%),重要,,12.02,,credit
2023-01-10 00:00:00,17:05,2023-01-10 17:05:00,中国,12月新增人民币贷款(亿元),重要,,12444.44,,credit
2023-01-10 00:00:00,17:05,2023-01-10 17:05:00,中国,12月M1:同比(%),重要,,4.4,,credit
2023-01-10 00:00:00,17:05,2023-01-10 17:05:00,中国,12月M0:同比(%),重要,,,,credit
2023-01-10 00:00:00,17:05,2023-01-10 17:05:00,中国,12月社会融资规模:当月值(亿元),重要,,16117.78,,credit
2023-01-10 00:00:00,17:05,2023-01-10 17:05:00,中国,12月社会融资规模存量:同比(%),重要,,9.88,,credit
2023-01-12 00:00:00,09:30,2023-01-12 09:30:00,中国,12月PPI:同比(%),重要,,-0.27,,inflation
2023-01-12 00:00:00,09:30,2023-01-12 09:30:00,中国,12月CPI:同比(%),重要,,1.84,,inflation
2023-01-17 00:00:00,10:00,2023-01-17 10:00:00,中国,第四季度GDP:当季同比(%),重要,,1.85,,growth
2023-01-31 00:00:00,09:30,2023-01-31 09:30:00,中国,1月官方制造业PMI(%),重要,,,,pmi
2023-02-10 00:00:00,09:30,2023-02-10 09:30:00,中国,1月PPI:同比(%),重要,-0.7,-0.48,-0.8,inflation
2023-02-10 00:00:00,09:30,2023-02-10 09:30:00,中国,1月CPI:同比(%),重要,1.8,2.25,2.1,inflation
2023-02-10 00:00:00,17:01,2023-02-10 17:01:00,中国,1月M2:同比(%),重要,11.8,11.53,12.6,credit
2023-02-10 00:00:00,17:01,2023-02-10 17:01:00,中国,1月新增人民币贷款(亿元),重要,14000.0,40480.0,49000.0,credit
2023-02-10 00:00:00,17:01,2023-02-10 17:01:00,中国,1月M1:同比(%),重要,3.7,7.5,6.7,credit
2023-02-10 00:00:00,17:01,2023-02-10 17:01:00,中国,1月M0:同比(%),重要,15.3,,7.9,credit
2023-02-10 00:00:00,17:01,2023-02-10 17:01:00,中国,1月社会融资规模:当月值(亿元),重要,13063.0,55085.71,59956.0,credit
2023-02-10 00:00:00,17:01,2023-02-10 17:01:00,中国,1月社会融资规模存量:同比(%),重要,9.6,9.39,9.4,credit
2023-03-01 00:00:00,09:30,2023-03-01 09:30:00,中国,2月官方制造业PMI(%),重要,,50.5,,pmi
2023-03-09 00:00:00,09:30,2023-03-09 09:30:00,中国,2月PPI:同比(%),重要,,-1.3,,inflation
2023-03-09 00:00:00,09:30,2023-03-09 09:30:00,中国,2月CPI:同比(%),重要,,1.76,,inflation
2023-03-10 00:00:00,16:31,2023-03-10 16:31:00,中国,2月M2:同比(%),重要,,12.32,,credit
2023-03-10 00:00:00,16:31,2023-03-10 16:31:00,中国,2月新增人民币贷款(亿元),重要,,14386.67,,credit
2023-03-10 00:00:00,16:31,2023-03-10 16:31:00,中国,2月M1:同比(%),重要,,5.78,,credit
2023-03-10 00:00:00,16:31,2023-03-10 16:31:00,中国,2月M0:同比(%),重要,,,,credit
2023-03-10 00:00:00,16:31,2023-03-10 16:31:00,中国,2月社会融资规模:当月值(亿元),重要,,20690.0,,credit
2023-03-10 00:00:00,16:31,2023-03-10 16:31:00,中国,2月社会融资规模存量:同比(%),重要,,9.77,,credit
2023-03-31 00:00:00,09:30,2023-03-31 09:30:00,中国,3月官方制造业PMI(%),重要,,,,pmi
2023-04-11 00:00:00,09:30,2023-04-11 09:30:00,中国,3月PPI:同比(%),重要,-1.4,-2.32,-2.5,inflation
2023-04-11 00:00:00,09:30,2023-04-11 09:30:00,中国,3月CPI:同比(%),重要,1.0,0.98,0.7,inflation
2023-04-11 00:00:00,16:31,2023-04-11 16:31:00,中国,3月M2:同比(%),重要,12.9,11.93,12.7,credit
2023-04-11 00:00:00,16:31,2023-04-11 16:31:00,中国,3月新增人民币贷款(亿元),重要,18100.0,30920.0,38900.0,credit
2023-04-11 00:00:00,16:31,2023-04-11 16:31:00,中国,3月M1:同比(%),重要,5.8,7.93,5.1,credit
2023-04-11 00:00:00,16:31,2023-04-11 16:31:00,中国,3月M0:同比(%),重要,10.6,,11.0,credit
2023-04-11 00:00:00,16:31,2023-04-11 16:31:00,中国,3月社会融资规模:当月值(亿元),重要,31610.0,44220.0,53867.0,credit
2023-04-11 00:00:00,16:31,2023-04-11 16:31:00,中国,3月社会融资规模存量:同比(%),重要,9.9,9.85,10.0,credit
2023-04-18 00:00:00,10:00,2023-04-18 10:00:00,中国,第一季度GDP:当季同比(%),重要,3.0,4.04,4.7,growth
2023-04-30 00:00:00,09:30,2023-04-30 09:30:00,中国,4月官方制造业PMI(%),重要,51.9,,49.2,pmi
2023-05-11 00:00:00,09:30,2023-05-11 09:30:00,中国,4月PPI:同比(%),重要,,-3.29,,inflation
2023-05-11 00:00:00,09:30,2023-05-11 09:30:00,中国,4月CPI:同比(%),重要,,0.38,,inflation
2023-05-11 00:00:00,16:01,2023-05-11 16:01:00,中国,4月M2:同比(%),重要,,12.64,,credit
2023-05-11 00:00:00,16:01,2023-05-11 16:01:00,中国,4月新增人民币贷款(亿元),重要,,11354.17,,credit
2023-05-11 00:00:00,16:01,2023-05-11 16:01:00,中国,4月M1:同比(%),重要,,6.1,,credit
2023-05-11 00:00:00,16:01,2023-05-11 16:01:00,中国,4月M0:同比(%),重要,,,,credit
2023-05-11 00:00:00,16:01,2023-05-11 16:01:00,中国,4月社会融资规模:当月值(亿元),重要,,17199.4,,credit
2023-05-11 00:00:00,16:01,2023-05-11 16:01:00,中国,4月社会融资规模存量:同比(%),重要,,10.18,,credit
2023-05-31 00:00:00,09:30,2023-05-31 09:30:00,中国,5月官方制造业PMI(%),重要,,50.8,,pmi
2023-06-09 00:00:00,09:30,2023-06-09 09:30:00,中国,5月PPI:同比(%),重要,,-4.28,,inflation
2023-06-09 00:00:00,09:30,2023-06-09 09:30:00,中国,5月CPI:同比(%),重要,,0.3,,inflation
2023-06-13 00:00:00,16:01,2023-06-13 16:01:00,中国,5月M2:同比(%),重要,,12.07,,credit
2023-06-13 00:00:00,16:01,2023-06-13 16:01:00,中国,5月新增人民币贷款(亿元),重要,,14498.82,,credit
2023-06-13 00:00:00,16:01,2023-06-13 16:01:00,中国,5月M1:同比(%),重要,,5.27,,credit
2023-06-13 00:00:00,16:01,2023-06-13 16:01:00,中国,5月M0:同比(%),重要,,,,credit
2023-06-13 00:00:00,16:01,2023-06-13 16:01:00,中国,5月社会融资规模:当月值(亿元),重要,,19884.21,,credit
2023-06-13 00:00:00,16:01,2023-06-13 16:01:00,中国,5月社会融资规模存量:同比(%),重要,,9.84,,credit
2023-06-30 00:00:00,09:30,2023-06-30 09:30:00,中国,6月官方制造业PMI(%),重要,,48.8,,pmi
2023-07-10 00:00:00,09:30,2023-07-10 09:30:00,中国,6月PPI:同比(%),重要,,-4.98,,inflation
2023-07-10 00:00:00,09:30,2023-07-10 09:30:00,中国,6月CPI:同比(%),重要,,0.15,,inflation
2023-07-11 00:00:00,17:30,2023-07-11 17:30:00,中国,6月M2:同比(%),重要,,11.15,,credit
2023-07-11 00:00:00,17:30,2023-07-11 17:30:00,中国,6月新增人民币贷款(亿元),重要,,23842.86,,credit
2023-07-11 00:00:00,17:30,2023-07-11 17:30:00,中国,6月M1:同比(%),重要,,3.95,,credit
2023-07-11 00:00:00,17:30,2023-07-11 17:30:00,中国,6月M0:同比(%),重要,,,,credit
2023-07-11 00:00:00,17:30,2023-07-11 17:30:00,中国,6月社会融资规模:当月值(亿元),重要,,32178.83,,credit
2023-07-11 00:00:00,17:30,2023-07-11 17:30:00,中国,6月社会融资规模存量:同比(%),重要,,9.06,,credit
2023-07-17 00:00:00,10:00,2023-07-17 10:00:00,中国,第二季度GDP:当季同比(%),重要,,6.84,,growth
2023-07-31 00:00:00,09:30,2023-07-31 09:30:00,中国,7月官方制造业PMI(%),重要,,,,pmi
2023-08-09 00:00:00,09:30,2023-08-09 09:30:00,中国,7月PPI:同比(%),重要,,-4.14,,inflation
2023-08-09 00:00:00,09:30,2023-08-09 09:30:00,中国,7月CPI:同比(%),重要,,-0.5,,inflation
2023-08-11 00:00:00,16:30,2023-08-11 16:30:00,中国,7月M2:同比(%),重要,,11.14,,credit
2023-08-11 00:00:00,16:30,2023-08-11 16:30:00,中国,7月新增人民币贷款(亿元),重要,,8446.1,,credit
2023-08-11 00:00:00,16:30,2023-08-11 16:30:00,中国,7月M1:同比(%),重要,,3.56,,credit
2023-08-11 00:00:00,16:30,2023-08-11 16:30:00,中国,7月M0:同比(%),重要,,,,credit
2023-08-11 00:00:00,16:30,2023-08-11 16:30:00,中国,7月社会融资规模:当月值(亿元),重要,,11220.77,,credit
2023-08-11 00:00:00,16:30,2023-08-11 16:30:00,中国,7月社会融资规模存量:同比(%),重要,,9.22,,credit
2023-08-31 00:00:00,09:30,2023-08-31 09:30:00,中国,8月官方制造业PMI(%),重要,,50.0,,pmi
2023-09-09 00:00:00,09:30,2023-09-09 09:30:00,中国,8月PPI:同比(%),重要,,-2.88,,inflation
2023-09-09 00:00:00,09:30,2023-09-09 09:30:00,中国,8月CPI:同比(%),重要,,0.22,,inflation
2023-09-11 00:00:00,12:41,2023-09-11 12:41:00,中国,8月M2:同比(%),重要,,10.65,,credit
2023-09-11 00:00:00,12:41,2023-09-11 12:41:00,中国,8月新增人民币贷款(亿元),重要,,10975.0,,credit
2023-09-11 00:00:00,12:41,2023-09-11 12:41:00,中国,8月M1:同比(%),重要,,2.5,,credit
2023-09-11 00:00:00,12:41,2023-09-11 12:41:00,中国,8月M0:同比(%),重要,,,,credit
2023-09-11 00:00:00,12:41,2023-09-11 12:41:00,中国,8月社会融资规模:当月值(亿元),重要,,26230.09,,credit
2023-09-11 00:00:00,12:41,2023-09-11 12:41:00,中国,8月社会融资规模存量:同比(%),重要,,9.06,,credit
2023-09-30 00:00:00,09:30,2023-09-30 09:30:00,中国,9月官方制造业PMI(%),重要,,,,pmi
2023-10-13 00:00:00,09:30,2023-10-13 09:30:00,中国,9月PPI:同比(%),重要,,-2.38,,inflation
2023-10-13 00:00:00,09:30,2023-10-13 09:30:00,中国,9月CPI:同比(%),重要,,0.16,,inflation
2023-10-13 00:00:00,16:00,2023-10-13 16:00:00,中国,9月M2:同比(%),重要,,10.63,,credit
2023-10-13 00:00:00,16:00,2023-10-13 16:00:00,中国,9月新增人民币贷款(亿元),重要,,25456.25,,credit
2023-10-13 00:00:00,16:00,2023-10-13 16:00:00,中国,9月M1:同比(%),重要,,2.46,,credit
2023-10-13 00:00:00,16:00,2023-10-13 16:00:00,中国,9月M0:同比(%),重要,,,,credit
2023-10-13 00:00:00,16:00,2023-10-13 16:00:00,中国,9月社会融资规模:当月值(亿元),重要,,37529.94,,credit
2023-10-13 00:00:00,16:00,2023-10-13 16:00:00,中国,9月社会融资规模存量:同比(%),重要,,9.1,,credit
2023-10-18 00:00:00,10:00,2023-10-18 10:00:00,中国,第三季度GDP:当季同比(%),重要,,4.46,,growth
2023-10-31 00:00:00,09:30,2023-10-31 09:30:00,中国,10月官方制造业PMI(%),重要,,50.1,,pmi
2023-11-09 00:00:00,09:30,2023-11-09 09:30:00,中国,10月PPI:同比(%),重要,,-2.61,,inflation
2023-11-09 00:00:00,09:30,2023-11-09 09:30:00,中国,10月CPI:同比(%),重要,,-0.05,,inflation
2023-11-13 00:00:00,18:00,2023-11-13 18:00:00,中国,10月M2:同比(%),重要,,10.45,,credit
2023-11-13 00:00:00,18:00,2023-11-13 18:00:00,中国,10月新增人民币贷款(亿元),重要,,6400.0,,credit
2023-11-13 00:00:00,18:00,2023-11-13 18:00:00,中国,10月M1:同比(%),重要,,2.33,,credit
2023-11-13 00:00:00,18:00,2023-11-13 18:00:00,中国,10月M0:同比(%),重要,,,,credit
2023-11-13 00:00:00,18:00,2023-11-13 18:00:00,中国,10月社会融资规模:当月值(亿元),重要,,18426.31,,credit
2023-11-13 00:00:00,18:00,2023-11-13 18:00:00,中国,10月社会融资规模存量:同比(%),重要,,9.39,,credit
2023-11-30 00:00:00,09:30,2023-11-30 09:30:00,中国,11月官方制造业PMI(%),重要,,,,pmi
2023-12-09 00:00:00,09:30,2023-12-09 09:30:00,中国,11月PPI:同比(%),重要,,-2.8,,inflation
2023-12-09 00:00:00,09:30,2023-12-09 09:30:00,中国,11月CPI:同比(%),重要,,-0.11,,inflation
2023-12-13 00:00:00,17:00,2023-12-13 17:00:00,中国,11月M2:同比(%),重要,,10.1,,credit
2023-12-13 00:00:00,17:00,2023-12-13 17:00:00,中国,11月新增人民币贷款(亿元),重要,,11863.64,,credit
2023-12-13 00:00:00,17:00,2023-12-13 17:00:00,中国,11月M1:同比(%),重要,,2.1,,credit
2023-12-13 00:00:00,17:00,2023-12-13 17:00:00,中国,11月M0:同比(%),重要,,,,credit
2023-12-13 00:00:00,17:00,2023-12-13 17:00:00,中国,11月社会融资规模:当月值(亿元),重要,,24196.15,,credit
2023-12-13 00:00:00,17:00,2023-12-13 17:00:00,中国,11月社会融资规模存量:同比(%),重要,,9.43,,credit
2023-12-31 00:00:00,09:30,2023-12-31 09:30:00,中国,12月官方制造业PMI(%),重要,,,,pmi
2024-01-12 00:00:00,09:30,2024-01-12 09:30:00,中国,12月PPI:同比(%),重要,,-2.59,,inflation
2024-01-12 00:00:00,09:30,2024-01-12 09:30:00,中国,12月CPI:同比(%),重要,,-0.28,,inflation
2024-01-12 00:00:00,17:36,2024-01-12 17:36:00,中国,12月社会融资规模:当月值(亿元),重要,,20420.0,,credit
2024-01-12 00:00:00,17:36,2024-01-12 17:36:00,中国,12月社会融资规模存量:同比(%),重要,,9.57,,credit
2024-01-12 00:00:00,17:36,2024-01-12 17:36:00,中国,12月M1:同比(%),重要,,1.43,,credit
2024-01-12 00:00:00,17:36,2024-01-12 17:36:00,中国,12月M2:同比(%),重要,,10.09,,credit
2024-01-12 00:00:00,17:36,2024-01-12 17:36:00,中国,12月新增人民币贷款(亿元),重要,,12012.5,,credit
2024-01-12 00:00:00,17:36,2024-01-12 17:36:00,中国,12月M0:同比(%),重要,,,,credit
2024-01-17 00:00:00,10:00,2024-01-17 10:00:00,中国,第四季度GDP:当季同比(%),重要,,5.42,,growth
2024-01-17 00:00:00,10:00,2024-01-17 10:00:00,中国,第四季度GDP:现价:当季值(亿元),重要,,,,growth
2024-01-17 00:00:00,10:00,2024-01-17 10:00:00,中国,第四季度GDP:现价:第一产业:累计值(亿元),重要,,,,growth
2024-01-17 00:00:00,10:00,2024-01-17 10:00:00,中国,第四季度GDP:现价:第二产业:累计值(亿元),重要,,,,growth
2024-01-17 00:00:00,10:00,2024-01-17 10:00:00,中国,第四季度GDP:现价:第三产业:累计值(亿元),重要,,,,growth
2024-01-17 00:00:00,10:00,2024-01-17 10:00:00,中国,第四季度GDP:不变价:第一产业:累计同比(%),重要,,,,growth
2024-01-17 00:00:00,10:00,2024-01-17 10:00:00,中国,第四季度GDP:不变价:第二产业:累计同比(%),重要,,,,growth
2024-01-17 00:00:00,10:00,2024-01-17 10:00:00,中国,第四季度GDP:不变价:第三产业:累计同比(%),重要,,,,growth
2024-01-18 00:00:00,09:30,2024-01-18 09:30:00,中国,第四季度GDP:不变价:建筑业:累计同比(%),重要,,,,growth
2024-01-18 00:00:00,09:30,2024-01-18 09:30:00,中国,第四季度GDP:不变价:批发和零售业:累计同比(%),重要,,,,growth
2024-01-18 00:00:00,09:30,2024-01-18 09:30:00,中国,第四季度GDP:不变价:住宿和餐饮业:累计同比(%),重要,,,,growth
2024-01-18 00:00:00,09:30,2024-01-18 09:30:00,中国,第四季度GDP:不变价:金融业:累计同比(%),重要,,,,growth
2024-01-18 00:00:00,09:30,2024-01-18 09:30:00,中国,第四季度GDP:不变价:房地产业:累计同比(%),重要,,,,growth
2024-01-18 00:00:00,09:30,2024-01-18 09:30:00,中国,第四季度GDP:不变价:农林牧渔业:累计同比(%),重要,,,,growth
2024-01-18 00:00:00,09:30,2024-01-18 09:30:00,中国,第四季度GDP:不变价:工业:累计同比(%),重要,,,,growth
2024-01-31 00:00:00,09:30,2024-01-31 09:30:00,中国,1月官方制造业PMI(%),重要,,,,pmi
2024-02-08 00:00:00,09:30,2024-02-08 09:30:00,中国,1月PPI:同比(%),重要,,-2.52,,inflation
2024-02-08 00:00:00,09:30,2024-02-08 09:30:00,中国,1月CPI:同比(%),重要,,-0.64,,inflation
2024-02-09 00:00:00,15:00,2024-02-09 15:00:00,中国,1月M0:同比(%),重要,,,,credit
2024-02-09 00:00:00,15:00,2024-02-09 15:00:00,中国,1月社会融资规模存量(万亿元),重要,,,,credit
2024-02-09 00:00:00,15:00,2024-02-09 15:00:00,中国,1月社会融资规模存量:同比(%),重要,,9.35,,credit
2024-02-09 00:00:00,15:00,2024-02-09 15:00:00,中国,1月M1:同比(%),重要,,3.33,,credit
2024-02-09 00:00:00,15:00,2024-02-09 15:00:00,中国,1月M2:同比(%),重要,,9.27,,credit
2024-02-09 00:00:00,15:00,2024-02-09 15:00:00,中国,1月新增人民币贷款(亿元),重要,,46708.89,,credit
2024-02-09 00:00:00,15:00,2024-02-09 15:00:00,中国,1月社会融资规模:当月值(亿元),重要,,57965.0,,credit
2024-02-09 00:00:00,15:00,2024-02-09 15:00:00,中国,1月M0(亿元),重要,,,,credit
2024-02-09 00:00:00,15:00,2024-02-09 15:00:00,中国,1月M1(亿元),重要,,,,credit
2024-02-09 00:00:00,15:00,2024-02-09 15:00:00,中国,1月M2(亿元),重要,,,,credit
2024-03-01 00:00:00,09:30,2024-03-01 09:30:00,中国,2月官方制造业PMI(%),重要,,49.2,,pmi
2024-03-09 00:00:00,09:30,2024-03-09 09:30:00,中国,2月PPI:同比(%),重要,,-2.47,,inflation
2024-03-09 00:00:00,09:30,2024-03-09 09:30:00,中国,2月CPI:同比(%),重要,,0.37,,inflation
2024-03-15 00:00:00,16:31,2024-03-15 16:31:00,中国,2月M0:同比(%),重要,,,,credit
2024-03-15 00:00:00,16:31,2024-03-15 16:31:00,中国,2月社会融资规模存量:同比(%),重要,,9.14,,credit
2024-03-15 00:00:00,16:31,2024-03-15 16:31:00,中国,2月M1:同比(%),重要,,2.78,,credit
2024-03-15 00:00:00,16:31,2024-03-15 16:31:00,中国,2月M2:同比(%),重要,,8.68,,credit
2024-03-15 00:00:00,16:31,2024-03-15 16:31:00,中国,2月新增人民币贷款(亿元),重要,,14337.5,,credit
2024-03-15 00:00:00,16:31,2024-03-15 16:31:00,中国,2月社会融资规模:当月值(亿元),重要,,24223.36,,credit
2024-03-15 00:00:00,16:31,2024-03-15 16:31:00,中国,2月M0(亿元),重要,,,,credit
2024-03-15 00:00:00,16:31,2024-03-15 16:31:00,中国,2月M1(亿元),重要,,,,credit
2024-03-15 00:00:00,16:31,2024-03-15 16:31:00,中国,2月M2(亿元),重要,,,,credit
2024-03-15 00:00:00,16:31,2024-03-15 16:31:00,中国,2月社会融资规模存量(万亿元),重要,,,,credit
2024-03-31 00:00:00,09:30,2024-03-31 09:30:00,中国,3月官方制造业PMI(%),重要,,49.85,,pmi
2024-04-11 00:00:00,09:30,2024-04-11 09:30:00,中国,3月PPI:同比(%),重要,,-2.69,,inflation
2024-04-11 00:00:00,09:30,2024-04-11 09:30:00,中国,3月CPI:同比(%),重要,,0.33,,inflation
2024-04-12 00:00:00,18:44,2024-04-12 18:44:00,中国,3月M0:同比(%),重要,,,,credit
2024-04-12 00:00:00,18:44,2024-04-12 18:44:00,中国,3月社会融资规模存量:同比(%),重要,,8.53,,credit
2024-04-12 00:00:00,18:44,2024-04-12 18:44:00,中国,3月M1:同比(%),重要,,1.48,,credit
2024-04-12 00:00:00,18:44,2024-04-12 18:44:00,中国,3月M2:同比(%),重要,,8.42,,credit
2024-04-12 00:00:00,18:44,2024-04-12 18:44:00,中国,3月新增人民币贷款(亿元),重要,,30283.33,,credit
2024-04-12 00:00:00,18:44,2024-04-12 18:44:00,中国,3月社会融资规模:当月值(亿元),重要,,41127.5,,credit
2024-04-12 00:00:00,18:44,2024-04-12 18:44:00,中国,3月社会融资规模存量(万亿元),重要,,,,credit
2024-04-12 00:00:00,18:44,2024-04-12 18:44:00,中国,3月M0(亿元),重要,,,,credit
2024-04-12 00:00:00,18:44,2024-04-12 18:44:00,中国,3月M1(亿元),重要,,,,credit
2024-04-12 00:00:00,18:44,2024-04-12 18:44:00,中国,3月M2(亿元),重要,,,,credit
2024-04-16 00:00:00,10:00,2024-04-16 10:00:00,中国,第一季度GDP:当季同比(%),重要,,4.91,,growth
2024-04-16 00:00:00,10:00,2024-04-16 10:00:00,中国,第一季度GDP:现价:当季值(亿元),重要,,,,growth
2024-04-16 00:00:00,10:00,2024-04-16 10:00:00,中国,第一季度GDP:现价:第一产业:累计值(亿元),重要,,,,growth
2024-04-16 00:00:00,10:00,2024-04-16 10:00:00,中国,第一季度GDP:现价:第二产业:累计值(亿元),重要,,,,growth
2024-04-16 00:00:00,10:00,2024-04-16 10:00:00,中国,第一季度GDP:现价:第三产业:累计值(亿元),重要,,,,growth
2024-04-16 00:00:00,10:00,2024-04-16 10:00:00,中国,第一季度GDP:不变价:第一产业:累计同比(%),重要,,,,growth
2024-04-16 00:00:00,10:00,2024-04-16 10:00:00,中国,第一季度GDP:不变价:第二产业:累计同比(%),重要,,,,growth
2024-04-16 00:00:00,10:00,2024-04-16 10:00:00,中国,第一季度GDP:不变价:第三产业:累计同比(%),重要,,,,growth
2024-04-17 00:00:00,09:30,2024-04-17 09:30:00,中国,第一季度GDP:不变价:建筑业:累计同比(%),重要,,,,growth
2024-04-17 00:00:00,09:30,2024-04-17 09:30:00,中国,第一季度GDP:不变价:批发和零售业:累计同比(%),重要,,,,growth
2024-04-17 00:00:00,09:30,2024-04-17 09:30:00,中国,第一季度GDP:不变价:住宿和餐饮业:累计同比(%),重要,,,,growth
2024-04-17 00:00:00,09:30,2024-04-17 09:30:00,中国,第一季度GDP:不变价:金融业:累计同比(%),重要,,,,growth
2024-04-17 00:00:00,09:30,2024-04-17 09:30:00,中国,第一季度GDP:不变价:房地产业:累计同比(%),重要,,,,growth
2024-04-17 00:00:00,09:30,2024-04-17 09:30:00,中国,第一季度GDP:不变价:农林牧渔业:累计同比(%),重要,,,,growth
2024-04-17 00:00:00,09:30,2024-04-17 09:30:00,中国,第一季度GDP:不变价:工业:累计同比(%),重要,,,,growth
2024-04-30 00:00:00,09:30,2024-04-30 09:30:00,中国,4月官方制造业PMI(%),重要,,,,pmi
2024-05-11 00:00:00,09:30,2024-05-11 09:30:00,中国,4月PPI:同比(%),重要,,-2.33,,inflation
2024-05-11 00:00:00,09:30,2024-05-11 09:30:00,中国,4月CPI:同比(%),重要,,0.2,,inflation
2024-05-11 00:00:00,17:01,2024-05-11 17:01:00,中国,4月新增人民币贷款(亿元),重要,,7432.86,,credit
2024-05-11 00:00:00,17:01,2024-05-11 17:01:00,中国,4月M0:同比(%),重要,,,,credit
2024-05-11 00:00:00,17:01,2024-05-11 17:01:00,中国,4月社会融资规模存量:同比(%),重要,,8.68,,credit
2024-05-11 00:00:00,17:01,2024-05-11 17:01:00,中国,4月M1:同比(%),重要,,1.67,,credit
2024-05-11 00:00:00,17:01,2024-05-11 17:01:00,中国,4月M2:同比(%),重要,,8.29,,credit
2024-05-11 00:00:00,17:01,2024-05-11 17:01:00,中国,4月社会融资规模:当月值(亿元),重要,,10038.75,,credit
2024-05-11 00:00:00,17:01,2024-05-11 17:01:00,中国,4月M0(亿元),重要,,,,credit
2024-05-11 00:00:00,17:01,2024-05-11 17:01:00,中国,4月M1(亿元),重要,,,,credit
2024-05-11 00:00:00,17:01,2024-05-11 17:01:00,中国,4月M2(亿元),重要,,,,credit
2024-05-11 00:00:00,17:01,2024-05-11 17:01:00,中国,4月社会融资规模存量(万亿元),重要,,,,credit
2024-05-31 00:00:00,09:30,2024-05-31 09:30:00,中国,5月官方制造业PMI(%),重要,,50.1,,pmi
2024-06-12 00:00:00,09:30,2024-06-12 09:30:00,中国,5月PPI:同比(%),重要,,-1.52,,inflation
2024-06-12 00:00:00,09:30,2024-06-12 09:30:00,中国,5月CPI:同比(%),重要,,0.38,,inflation
2024-06-14 00:00:00,17:01,2024-06-14 17:01:00,中国,5月M0:同比(%),重要,,,,credit
2024-06-14 00:00:00,17:01,2024-06-14 17:01:00,中国,5月社会融资规模存量:同比(%),重要,,8.43,,credit
2024-06-14 00:00:00,17:01,2024-06-14 17:01:00,中国,5月新增人民币贷款(亿元),重要,,10177.78,,credit
2024-06-14 00:00:00,17:01,2024-06-14 17:01:00,中国,5月M2:同比(%),重要,,7.08,,credit
2024-06-14 00:00:00,17:01,2024-06-14 17:01:00,中国,5月M1:同比(%),重要,,-1.23,,credit
2024-06-14 00:00:00,17:01,2024-06-14 17:01:00,中国,5月社会融资规模:当月值(亿元),重要,,19507.78,,credit
2024-06-14 00:00:00,17:01,2024-06-14 17:01:00,中国,5月社会融资规模存量(万亿元),重要,,,,credit
2024-06-14 00:00:00,17:01,2024-06-14 17:01:00,中国,5月M0(亿元),重要,,,,credit
2024-06-14 00:00:00,17:01,2024-06-14 17:01:00,中国,5月M1(亿元),重要,,,,credit
2024-06-14 00:00:00,17:01,2024-06-14 17:01:00,中国,5月M2(亿元),重要,,,,credit
2024-06-30 00:00:00,09:30,2024-06-30 09:30:00,中国,6月官方制造业PMI(%),重要,,49.55,,pmi
2024-07-10 00:00:00,09:30,2024-07-10 09:30:00,中国,6月PPI:同比(%),重要,,-0.81,,inflation
2024-07-10 00:00:00,09:30,2024-07-10 09:30:00,中国,6月CPI:同比(%),重要,,0.4,,inflation
2024-07-12 00:00:00,17:00,2024-07-12 17:00:00,中国,6月M0:同比(%),重要,,,,credit
2024-07-12 00:00:00,17:00,2024-07-12 17:00:00,中国,6月社会融资规模存量:同比(%),重要,,8.13,,credit
2024-07-12 00:00:00,17:00,2024-07-12 17:00:00,中国,6月新增人民币贷款(亿元),重要,,21327.14,,credit
2024-07-12 00:00:00,17:00,2024-07-12 17:00:00,中国,6月M2:同比(%),重要,,6.69,,credit
2024-07-12 00:00:00,17:00,2024-07-12 17:00:00,中国,6月M1:同比(%),重要,,-4.02,,credit
2024-07-12 00:00:00,17:00,2024-07-12 17:00:00,中国,6月社会融资规模:当月值(亿元),重要,,32154.62,,credit
2024-07-12 00:00:00,17:00,2024-07-12 17:00:00,中国,6月M0(亿元),重要,,,,credit
2024-07-12 00:00:00,17:00,2024-07-12 17:00:00,中国,6月M1(亿元),重要,,,,credit
2024-07-12 00:00:00,17:00,2024-07-12 17:00:00,中国,6月M2(亿元),重要,,,,credit
2024-07-12 00:00:00,17:00,2024-07-12 17:00:00,中国,6月社会融资规模存量(万亿元),重要,,,,credit
2024-07-15 00:00:00,10:00,2024-07-15 10:00:00,中国,第二季度GDP:当季同比(%),重要,,5.08,,growth
2024-07-15 00:00:00,10:00,2024-07-15 10:00:00,中国,第二季度GDP:现价:当季值(亿元),重要,,,,growth
2024-07-15 00:00:00,10:00,2024-07-15 10:00:00,中国,第二季度GDP:现价:第一产业:累计值(亿元),重要,,,,growth
2024-07-15 00:00:00,10:00,2024-07-15 10:00:00,中国,第二季度GDP:现价:第二产业:累计值(亿元),重要,,,,growth
2024-07-15 00:00:00,10:00,2024-07-15 10:00:00,中国,第二季度GDP:现价:第三产业:累计值(亿元),重要,,,,growth
2024-07-15 00:00:00,10:00,2024-07-15 10:00:00,中国,第二季度GDP:不变价:第一产业:累计同比(%),重要,,,,growth
2024-07-15 00:00:00,10:00,2024-07-15 10:00:00,中国,第二季度GDP:不变价:第二产业:累计同比(%),重要,,,,growth
2024-07-15 00:00:00,10:00,2024-07-15 10:00:00,中国,第二季度GDP:不变价:第三产业:累计同比(%),重要,,,,growth
2024-07-16 00:00:00,09:30,2024-07-16 09:30:00,中国,第二季度GDP:不变价:工业:累计同比(%),重要,,,,growth
2024-07-16 00:00:00,09:30,2024-07-16 09:30:00,中国,第二季度GDP:不变价:建筑业:累计同比(%),重要,,,,growth
2024-07-16 00:00:00,09:30,2024-07-16 09:30:00,中国,第二季度GDP:不变价:批发和零售业:累计同比(%),重要,,,,growth
2024-07-16 00:00:00,09:30,2024-07-16 09:30:00,中国,第二季度GDP:不变价:住宿和餐饮业:累计同比(%),重要,,,,growth
2024-07-16 00:00:00,09:30,2024-07-16 09:30:00,中国,第二季度GDP:不变价:金融业:累计同比(%),重要,,,,growth
2024-07-16 00:00:00,09:30,2024-07-16 09:30:00,中国,第二季度GDP:不变价:房地产业:累计同比(%),重要,,,,growth
2024-07-16 00:00:00,09:30,2024-07-16 09:30:00,中国,第二季度GDP:不变价:农林牧渔业:累计同比(%),重要,,,,growth
2024-07-31 00:00:00,09:30,2024-07-31 09:30:00,中国,7月官方制造业PMI(%),重要,,49.25,,pmi
2024-08-09 00:00:00,09:30,2024-08-09 09:30:00,中国,7月PPI:同比(%),重要,,-0.8,,inflation
2024-08-09 00:00:00,09:30,2024-08-09 09:30:00,中国,7月CPI:同比(%),重要,,0.32,,inflation
2024-08-13 00:00:00,17:01,2024-08-13 17:01:00,中国,7月M0:同比(%),重要,,12.0,,credit
2024-08-13 00:00:00,17:01,2024-08-13 17:01:00,中国,7月社会融资规模存量:同比(%),重要,,8.31,,credit
2024-08-13 00:00:00,17:01,2024-08-13 17:01:00,中国,7月新增人民币贷款(亿元),重要,,4560.7,,credit
2024-08-13 00:00:00,17:01,2024-08-13 17:01:00,中国,7月M2:同比(%),重要,,6.43,,credit
2024-08-13 00:00:00,17:01,2024-08-13 17:01:00,中国,7月M1:同比(%),重要,,-5.3,,credit
2024-08-13 00:00:00,17:01,2024-08-13 17:01:00,中国,7月社会融资规模:当月值(亿元),重要,,9536.0,,credit
2024-08-13 00:00:00,17:01,2024-08-13 17:01:00,中国,7月M0(亿元),重要,,,,credit
2024-08-13 00:00:00,17:01,2024-08-13 17:01:00,中国,7月M1(亿元),重要,,,,credit
2024-08-13 00:00:00,17:01,2024-08-13 17:01:00,中国,7月M2(亿元),重要,,,,credit
2024-08-13 00:00:00,17:01,2024-08-13 17:01:00,中国,7月社会融资规模存量(万亿元),重要,,,,credit
2024-08-31 00:00:00,09:30,2024-08-31 09:30:00,中国,8月官方制造业PMI(%),重要,,49.5,,pmi
2024-09-09 00:00:00,09:30,2024-09-09 09:30:00,中国,8月PPI:同比(%),重要,,-1.4,,inflation
2024-09-09 00:00:00,09:30,2024-09-09 09:30:00,中国,8月CPI:同比(%),重要,,0.71,,inflation
2024-09-13 00:00:00,19:26,2024-09-13 19:26:00,中国,8月M0:同比(%),重要,,,,credit
2024-09-13 00:00:00,19:26,2024-09-13 19:26:00,中国,8月社会融资规模存量:同比(%),重要,,8.11,,credit
2024-09-13 00:00:00,19:26,2024-09-13 19:26:00,中国,8月新增人民币贷款(亿元),重要,,8850.0,,credit
2024-09-13 00:00:00,19:26,2024-09-13 19:26:00,中国,8月M2:同比(%),重要,,6.26,,credit
2024-09-13 00:00:00,19:26,2024-09-13 19:26:00,中国,8月M1:同比(%),重要,,-2.3,,credit
2024-09-13 00:00:00,19:26,2024-09-13 19:26:00,中国,8月社会融资规模:当月值(亿元),重要,,27044.44,,credit
2024-09-13 00:00:00,19:26,2024-09-13 19:26:00,中国,8月社会融资规模存量(万亿元),重要,,,,credit
2024-09-13 00:00:00,19:26,2024-09-13 19:26:00,中国,8月M0(亿元),重要,,,,credit
2024-09-13 00:00:00,19:26,2024-09-13 19:26:00,中国,8月M1(亿元),重要,,,,credit
2024-09-13 00:00:00,19:26,2024-09-13 19:26:00,中国,8月M2(亿元),重要,,,,credit
2024-09-30 00:00:00,09:30,2024-09-30 09:30:00,中国,9月官方制造业PMI(%),重要,,,,pmi
2024-10-13 00:00:00,09:30,2024-10-13 09:30:00,中国,9月PPI:同比(%),重要,,-2.52,,inflation
2024-10-13 00:00:00,09:30,2024-10-13 09:30:00,中国,9月CPI:同比(%),重要,,0.71,,inflation
2024-10-14 00:00:00,17:00,2024-10-14 17:00:00,中国,9月社会融资规模:当月值(亿元),重要,,35166.67,,credit
2024-10-14 00:00:00,17:00,2024-10-14 17:00:00,中国,9月M0:同比(%),重要,,,,credit
2024-10-14 00:00:00,17:00,2024-10-14 17:00:00,中国,9月社会融资规模存量:同比(%),重要,,7.95,,credit
2024-10-14 00:00:00,17:00,2024-10-14 17:00:00,中国,9月新增人民币贷款(亿元),重要,,17450.0,,credit
2024-10-14 00:00:00,17:00,2024-10-14 17:00:00,中国,9月M2:同比(%),重要,,6.33,,credit
2024-10-14 00:00:00,17:00,2024-10-14 17:00:00,中国,9月M1:同比(%),重要,,-7.5,,credit
2024-10-14 00:00:00,17:00,2024-10-14 17:00:00,中国,9月社会融资规模存量(万亿元),重要,,,,credit
2024-10-14 00:00:00,17:00,2024-10-14 17:00:00,中国,9月M0(亿元),重要,,,,credit
2024-10-14 00:00:00,17:00,2024-10-14 17:00:00,中国,9月M1(亿元),重要,,,,credit
2024-10-14 00:00:00,17:00,2024-10-14 17:00:00,中国,9月M2(亿元),重要,,,,credit
2024-10-18 00:00:00,10:00,2024-10-18 10:00:00,中国,第三季度GDP:当季同比(%),重要,,4.58,,growth
2024-10-18 00:00:00,10:00,2024-10-18 10:00:00,中国,第三季度GDP:现价:当季值(亿元),重要,,,,growth
2024-10-18 00:00:00,10:00,2024-10-18 10:00:00,中国,第三季度GDP:现价:第一产业:累计值(亿元),重要,,,,growth
2024-10-18 00:00:00,10:00,2024-10-18 10:00:00,中国,第三季度GDP:现价:第二产业:累计值(亿元),重要,,,,growth
2024-10-18 00:00:00,10:00,2024-10-18 10:00:00,中国,第三季度GDP:现价:第三产业:累计值(亿元),重要,,,,growth
2024-10-18 00:00:00,10:00,2024-10-18 10:00:00,中国,第三季度GDP:不变价:第一产业:累计同比(%),重要,,,,growth
2024-10-18 00:00:00,10:00,2024-10-18 10:00:00,中国,第三季度GDP:不变价:第二产业:累计同比(%),重要,,,,growth
2024-10-18 00:00:00,10:00,2024-10-18 10:00:00,中国,第三季度GDP:不变价:第三产业:累计同比(%),重要,,,,growth
2024-10-19 00:00:00,09:30,2024-10-19 09:30:00,中国,第三季度GDP:不变价:工业:累计同比(%),重要,,,,growth
2024-10-19 00:00:00,09:30,2024-10-19 09:30:00,中国,第三季度GDP:不变价:建筑业:累计同比(%),重要,,,,growth
2024-10-19 00:00:00,09:30,2024-10-19 09:30:00,中国,第三季度GDP:不变价:批发和零售业:累计同比(%),重要,,,,growth
2024-10-19 00:00:00,09:30,2024-10-19 09:30:00,中国,第三季度GDP:不变价:住宿和餐饮业:累计同比(%),重要,,,,growth
2024-10-19 00:00:00,09:30,2024-10-19 09:30:00,中国,第三季度GDP:不变价:金融业:累计同比(%),重要,,,,growth
2024-10-19 00:00:00,09:30,2024-10-19 09:30:00,中国,第三季度GDP:不变价:房地产业:累计同比(%),重要,,,,growth
2024-10-19 00:00:00,09:30,2024-10-19 09:30:00,中国,第三季度GDP:不变价:农林牧渔业:累计同比(%),重要,,,,growth
2024-10-31 00:00:00,09:30,2024-10-31 09:30:00,中国,10月官方制造业PMI(%),重要,,49.5,,pmi
2024-11-09 00:00:00,09:30,2024-11-09 09:30:00,中国,10月PPI:同比(%),重要,,-2.52,,inflation
2024-11-09 00:00:00,09:30,2024-11-09 09:30:00,中国,10月CPI:同比(%),重要,,0.44,,inflation
2024-11-11 00:00:00,16:30,2024-11-11 16:30:00,中国,10月M0:同比(%),重要,,,,credit
2024-11-11 00:00:00,16:30,2024-11-11 16:30:00,中国,10月社会融资规模:当月值(亿元),重要,,14385.71,,credit
2024-11-11 00:00:00,16:30,2024-11-11 16:30:00,中国,10月社会融资规模存量:同比(%),重要,,7.23,,credit
2024-11-11 00:00:00,16:30,2024-11-11 16:30:00,中国,10月新增人民币贷款(亿元),重要,,6092.86,,credit
2024-11-11 00:00:00,16:30,2024-11-11 16:30:00,中国,10月M2:同比(%),重要,,6.97,,credit
2024-11-11 00:00:00,16:30,2024-11-11 16:30:00,中国,10月M1:同比(%),重要,,-7.07,,credit
2024-11-11 00:00:00,16:30,2024-11-11 16:30:00,中国,10月社会融资规模存量(万亿元),重要,,,,credit
2024-11-11 00:00:00,16:30,2024-11-11 16:30:00,中国,10月M0(亿元),重要,,,,credit
2024-11-11 00:00:00,16:30,2024-11-11 16:30:00,中国,10月M1(亿元),重要,,,,credit
2024-11-11 00:00:00,16:30,2024-11-11 16:30:00,中国,10月M2(亿元),重要,,,,credit
2024-11-30 00:00:00,09:30,2024-11-30 09:30:00,中国,11月官方制造业PMI(%),重要,,,,pmi
2024-12-09 00:00:00,09:30,2024-12-09 09:30:00,中国,11月PPI:同比(%),重要,,-2.67,,inflation
2024-12-09 00:00:00,09:30,2024-12-09 09:30:00,中国,11月CPI:同比(%),重要,,0.48,,inflation
2024-12-13 00:00:00,19:00,2024-12-13 19:00:00,中国,11月M0:同比(%),重要,,,,credit
2024-12-13 00:00:00,19:00,2024-12-13 19:00:00,中国,11月社会融资规模:当月值(亿元),重要,,28966.67,,credit
2024-12-13 00:00:00,19:00,2024-12-13 19:00:00,中国,11月新增人民币贷款(亿元),重要,,9208.33,,credit
2024-12-13 00:00:00,19:00,2024-12-13 19:00:00,中国,11月社会融资规模存量:同比(%),重要,,7.93,,credit
2024-12-13 00:00:00,19:00,2024-12-13 19:00:00,中国,11月M2:同比(%),重要,,7.42,,credit
2024-12-13 00:00:00,19:00,2024-12-13 19:00:00,中国,11月M1:同比(%),重要,,-5.57,,credit
2024-12-13 00:00:00,19:00,2024-12-13 19:00:00,中国,11月社会融资规模存量(万亿元),重要,,,,credit
2024-12-13 00:00:00,19:00,2024-12-13 19:00:00,中国,11月M0(亿元),重要,,,,credit
2024-12-13 00:00:00,19:00,2024-12-13 19:00:00,中国,11月M1(亿元),重要,,,,credit
2024-12-13 00:00:00,19:00,2024-12-13 19:00:00,中国,11月M2(亿元),重要,,,,credit
2024-12-31 00:00:00,09:30,2024-12-31 09:30:00,中国,12月官方制造业PMI(%),重要,,,,pmi
2025-01-09 00:00:00,09:30,2025-01-09 09:30:00,中国,12月PPI:同比(%),重要,,-2.33,,inflation
2025-01-09 00:00:00,09:30,2025-01-09 09:30:00,中国,12月CPI:同比(%),重要,,0.08,,inflation
2025-01-14 00:00:00,15:08,2025-01-14 15:08:00,中国,12月M0(亿元),重要,,,,credit
2025-01-14 00:00:00,15:08,2025-01-14 15:08:00,中国,12月社会融资规模存量(万亿元),重要,,,,credit
2025-01-14 00:00:00,15:08,2025-01-14 15:08:00,中国,12月M1(亿元),重要,,,,credit
2025-01-14 00:00:00,15:08,2025-01-14 15:08:00,中国,12月M2:同比(%),重要,,7.3,,credit
2025-01-14 00:00:00,15:08,2025-01-14 15:08:00,中国,12月新增人民币贷款(亿元),重要,,8750.0,,credit
2025-01-14 00:00:00,15:08,2025-01-14 15:08:00,中国,12月M1:同比(%),重要,,-3.33,,credit
2025-01-14 00:00:00,15:08,2025-01-14 15:08:00,中国,12月M0:同比(%),重要,,,,credit
2025-01-14 00:00:00,15:08,2025-01-14 15:08:00,中国,12月社会融资规模:当月值(亿元),重要,,22033.86,,credit
2025-01-14 00:00:00,15:08,2025-01-14 15:08:00,中国,12月社会融资规模存量:同比(%),重要,,7.97,,credit
2025-01-14 00:00:00,15:08,2025-01-14 15:08:00,中国,12月M2(亿元),重要,,,,credit
2025-01-17 00:00:00,10:00,2025-01-17 10:00:00,中国,第四季度GDP:当季同比(%),重要,,5.07,,growth
2025-01-17 00:00:00,10:00,2025-01-17 10:00:00,中国,第四季度GDP:现价:当季值(亿元),重要,,,,growth
2025-01-17 00:00:00,10:00,2025-01-17 10:00:00,中国,第四季度GDP:现价:第一产业:累计值(亿元),重要,,,,growth
2025-01-17 00:00:00,10:00,2025-01-17 10:00:00,中国,第四季度GDP:现价:第二产业:累计值(亿元),重要,,,,growth
2025-01-17 00:00:00,10:00,2025-01-17 10:00:00,中国,第四季度GDP:现价:第三产业:累计值(亿元),重要,,,,growth
2025-01-17 00:00:00,10:00,2025-01-17 10:00:00,中国,第四季度GDP:不变价:第一产业:累计同比(%),重要,,,,growth
2025-01-17 00:00:00,10:00,2025-01-17 10:00:00,中国,第四季度GDP:不变价:第二产业:累计同比(%),重要,,,,growth
2025-01-17 00:00:00,10:00,2025-01-17 10:00:00,中国,第四季度GDP:不变价:第三产业:累计同比(%),重要,,,,growth
2025-01-18 00:00:00,09:30,2025-01-18 09:30:00,中国,第四季度GDP:不变价:农林牧渔业:累计同比(%),重要,,,,growth
2025-01-18 00:00:00,09:30,2025-01-18 09:30:00,中国,第四季度GDP:不变价:工业:累计同比(%),重要,,,,growth
2025-01-18 00:00:00,09:30,2025-01-18 09:30:00,中国,第四季度GDP:不变价:建筑业:累计同比(%),重要,,,,growth
2025-01-18 00:00:00,09:30,2025-01-18 09:30:00,中国,第四季度GDP:不变价:批发和零售业:累计同比(%),重要,,,,growth
2025-01-18 00:00:00,09:30,2025-01-18 09:30:00,中国,第四季度GDP:不变价:住宿和餐饮业:累计同比(%),重要,,,,growth
2025-01-18 00:00:00,09:30,2025-01-18 09:30:00,中国,第四季度GDP:不变价:金融业:累计同比(%),重要,,,,growth
2025-01-18 00:00:00,09:30,2025-01-18 09:30:00,中国,第四季度GDP:不变价:房地产业:累计同比(%),重要,,,,growth
2025-01-27 00:00:00,09:30,2025-01-27 09:30:00,中国,1月官方制造业PMI(%),重要,,,,pmi
2025-02-09 00:00:00,09:30,2025-02-09 09:30:00,中国,1月PPI:同比(%),重要,,-1.6,,inflation
2025-02-09 00:00:00,09:30,2025-02-09 09:30:00,中国,1月CPI:同比(%),重要,,0.3,,inflation
2025-02-14 00:00:00,17:00,2025-02-14 17:00:00,中国,1月M0(亿元),重要,,,,credit
2025-02-14 00:00:00,17:00,2025-02-14 17:00:00,中国,1月社会融资规模存量(万亿元),重要,,,,credit
2025-02-14 00:00:00,17:00,2025-02-14 17:00:00,中国,1月M1(亿元),重要,,,,credit
2025-02-14 00:00:00,17:00,2025-02-14 17:00:00,中国,1月M2:同比(%),重要,,8.4,,credit
2025-02-14 00:00:00,17:00,2025-02-14 17:00:00,中国,1月新增人民币贷款(亿元),重要,,45020.0,,credit
2025-02-14 00:00:00,17:00,2025-02-14 17:00:00,中国,1月M1:同比(%),重要,,,,credit
2025-02-14 00:00:00,17:00,2025-02-14 17:00:00,中国,1月M0:同比(%),重要,,,,credit
2025-02-14 00:00:00,17:00,2025-02-14 17:00:00,中国,1月社会融资规模:当月值(亿元),重要,,65750.0,,credit
2025-02-14 00:00:00,17:00,2025-02-14 17:00:00,中国,1月社会融资规模存量:同比(%),重要,,8.1,,credit
2025-02-14 00:00:00,17:00,2025-02-14 17:00:00,中国,1月M2(亿元),重要,,,,credit
2025-03-01 00:00:00,09:30,2025-03-01 09:30:00,中国,2月官方制造业PMI(%),重要,,48.4,,pmi
2025-03-09 00:00:00,09:30,2025-03-09 09:30:00,中国,2月PPI:同比(%),重要,,-2.06,,inflation
2025-03-09 00:00:00,09:30,2025-03-09 09:30:00,中国,2月CPI:同比(%),重要,,-0.37,,inflation
2025-03-14 00:00:00,17:00,2025-03-14 17:00:00,中国,2月M0(亿元),重要,,,,credit
2025-03-14 00:00:00,17:00,2025-03-14 17:00:00,中国,2月社会融资规模存量(万亿元),重要,,,,credit
2025-03-14 00:00:00,17:00,2025-03-14 17:00:00,中国,2月M1(亿元),重要,,,,credit
2025-03-14 00:00:00,17:00,2025-03-14 17:00:00,中国,2月M2:同比(%),重要,,7.04,,credit
2025-03-14 00:00:00,17:00,2025-03-14 17:00:00,中国,2月新增人民币贷款(亿元),重要,,12430.0,,credit
2025-03-14 00:00:00,17:00,2025-03-14 17:00:00,中国,2月M1:同比(%),重要,,1.2,,credit
2025-03-14 00:00:00,17:00,2025-03-14 17:00:00,中国,2月M0:同比(%),重要,,,,credit
2025-03-14 00:00:00,17:00,2025-03-14 17:00:00,中国,2月社会融资规模:当月值(亿元),重要,,26500.0,,credit
2025-03-14 00:00:00,17:00,2025-03-14 17:00:00,中国,2月社会融资规模存量:同比(%),重要,,8.3,,credit
2025-03-14 00:00:00,17:00,2025-03-14 17:00:00,中国,2月M2(亿元),重要,,,,credit
2025-03-31 00:00:00,09:30,2025-03-31 09:30:00,中国,3月官方制造业PMI(%),重要,,51.7,,pmi
2025-04-10 00:00:00,09:30,2025-04-10 09:30:00,中国,3月PPI:同比(%),重要,,-2.19,,inflation
2025-04-10 00:00:00,09:30,2025-04-10 09:30:00,中国,3月CPI:同比(%),重要,,-0.12,,inflation
2025-04-13 00:00:00,17:00,2025-04-13 17:00:00,中国,3月M0(亿元),重要,,,,credit
2025-04-13 00:00:00,17:00,2025-04-13 17:00:00,中国,3月社会融资规模存量(万亿元),重要,,,,credit
2025-04-13 00:00:00,17:00,2025-04-13 17:00:00,中国,3月M1(亿元),重要,,,,credit
2025-04-13 00:00:00,17:00,2025-04-13 17:00:00,中国,3月M2:同比(%),重要,,7.01,,credit
2025-04-13 00:00:00,17:00,2025-04-13 17:00:00,中国,3月新增人民币贷款(亿元),重要,,29250.0,,credit
2025-04-13 00:00:00,17:00,2025-04-13 17:00:00,中国,3月M1:同比(%),重要,,0.33,,credit
2025-04-13 00:00:00,17:00,2025-04-13 17:00:00,中国,3月M0:同比(%),重要,,,,credit
2025-04-13 00:00:00,17:00,2025-04-13 17:00:00,中国,3月社会融资规模:当月值(亿元),重要,,47300.0,,credit
2025-04-13 00:00:00,17:00,2025-04-13 17:00:00,中国,3月社会融资规模存量:同比(%),重要,,8.15,,credit
2025-04-13 00:00:00,17:00,2025-04-13 17:00:00,中国,3月M2(亿元),重要,,,,credit
2025-04-16 00:00:00,10:00,2025-04-16 10:00:00,中国,第一季度GDP:当季同比(%),重要,,5.16,,growth
2025-04-16 00:00:00,10:00,2025-04-16 10:00:00,中国,第一季度GDP:现价:当季值(亿元),重要,,,,growth
2025-04-16 00:00:00,10:00,2025-04-16 10:00:00,中国,第一季度GDP:现价:第一产业:累计值(亿元),重要,,,,growth
2025-04-16 00:00:00,10:00,2025-04-16 10:00:00,中国,第一季度GDP:现价:第二产业:累计值(亿元),重要,,,,growth
2025-04-16 00:00:00,10:00,2025-04-16 10:00:00,中国,第一季度GDP:现价:第三产业:累计值(亿元),重要,,,,growth
2025-04-16 00:00:00,10:00,2025-04-16 10:00:00,中国,第一季度GDP:不变价:第一产业:累计同比(%),重要,,,,growth
2025-04-16 00:00:00,10:00,2025-04-16 10:00:00,中国,第一季度GDP:不变价:第二产业:累计同比(%),重要,,,,growth
2025-04-16 00:00:00,10:00,2025-04-16 10:00:00,中国,第一季度GDP:不变价:第三产业:累计同比(%),重要,,,,growth
2025-04-17 00:00:00,09:30,2025-04-17 09:30:00,中国,第一季度GDP:不变价:农林牧渔业:累计同比(%),重要,,,,growth
2025-04-17 00:00:00,09:30,2025-04-17 09:30:00,中国,第一季度GDP:不变价:工业:累计同比(%),重要,,,,growth
2025-04-17 00:00:00,09:30,2025-04-17 09:30:00,中国,第一季度GDP:不变价:建筑业:累计同比(%),重要,,,,growth
2025-04-17 00:00:00,09:30,2025-04-17 09:30:00,中国,第一季度GDP:不变价:批发和零售业:累计同比(%),重要,,,,growth
2025-04-17 00:00:00,09:30,2025-04-17 09:30:00,中国,第一季度GDP:不变价:住宿和餐饮业:累计同比(%),重要,,,,growth
2025-04-17 00:00:00,09:30,2025-04-17 09:30:00,中国,第一季度GDP:不变价:金融业:累计同比(%),重要,,,,growth
2025-04-17 00:00:00,09:30,2025-04-17 09:30:00,中国,第一季度GDP:不变价:房地产业:累计同比(%),重要,,,,growth
2025-04-30 00:00:00,09:30,2025-04-30 09:30:00,中国,4月官方制造业PMI(%),重要,,,,pmi
2025-05-10 00:00:00,09:30,2025-05-10 09:30:00,中国,4月PPI:同比(%),重要,,-2.83,,inflation
2025-05-10 00:00:00,09:30,2025-05-10 09:30:00,中国,4月CPI:同比(%),重要,,-0.15,,inflation
2025-05-14 00:00:00,17:00,2025-05-14 17:00:00,中国,4月M0(亿元),重要,,,,credit
2025-05-14 00:00:00,17:00,2025-05-14 17:00:00,中国,4月社会融资规模存量(万亿元),重要,,,,credit
2025-05-14 00:00:00,17:00,2025-05-14 17:00:00,中国,4月M1(亿元),重要,,,,credit
2025-05-14 00:00:00,17:00,2025-05-14 17:00:00,中国,4月M2:同比(%),重要,,7.54,,credit
2025-05-14 00:00:00,17:00,2025-05-14 17:00:00,中国,4月新增人民币贷款(亿元),重要,,7042.86,,credit
2025-05-14 00:00:00,17:00,2025-05-14 17:00:00,中国,4月M1:同比(%),重要,,3.0,,credit
2025-05-14 00:00:00,17:00,2025-05-14 17:00:00,中国,4月M0:同比(%),重要,,,,credit
2025-05-14 00:00:00,17:00,2025-05-14 17:00:00,中国,4月社会融资规模:当月值(亿元),重要,,12637.5,,credit
2025-05-14 00:00:00,17:00,2025-05-14 17:00:00,中国,4月社会融资规模存量:同比(%),重要,,8.8,,credit
2025-05-14 00:00:00,17:00,2025-05-14 17:00:00,中国,4月M2(亿元),重要,,,,credit
2025-05-31 00:00:00,09:30,2025-05-31 09:30:00,中国,5月官方制造业PMI(%),重要,,49.5,,pmi
2025-06-09 00:00:00,09:30,2025-06-09 09:30:00,中国,5月PPI:同比(%),重要,,-3.17,,inflation
2025-06-09 00:00:00,09:30,2025-06-09 09:30:00,中国,5月CPI:同比(%),重要,,-0.17,,inflation
2025-06-13 00:00:00,16:30,2025-06-13 16:30:00,中国,5月M0(亿元),重要,,,,credit
2025-06-13 00:00:00,16:30,2025-06-13 16:30:00,中国,5月社会融资规模存量(万亿元),重要,,,,credit
2025-06-13 00:00:00,16:30,2025-06-13 16:30:00,中国,5月M1(亿元),重要,,,,credit
2025-06-13 00:00:00,16:30,2025-06-13 16:30:00,中国,5月M2:同比(%),重要,,8.08,,credit
2025-06-13 00:00:00,16:30,2025-06-13 16:30:00,中国,5月新增人民币贷款(亿元),重要,,8026.25,,credit
2025-06-13 00:00:00,16:30,2025-06-13 16:30:00,中国,5月M1:同比(%),重要,,1.8,,credit
2025-06-13 00:00:00,16:30,2025-06-13 16:30:00,中国,5月M0:同比(%),重要,,,,credit
2025-06-13 00:00:00,16:30,2025-06-13 16:30:00,中国,5月社会融资规模:当月值(亿元),重要,,20505.0,,credit
2025-06-13 00:00:00,16:30,2025-06-13 16:30:00,中国,5月社会融资规模存量:同比(%),重要,,8.78,,credit
2025-06-13 00:00:00,16:30,2025-06-13 16:30:00,中国,5月M2(亿元),重要,,,,credit
2025-06-30 00:00:00,09:30,2025-06-30 09:30:00,中国,6月官方制造业PMI(%),重要,,49.3,,pmi
2025-07-09 00:00:00,09:30,2025-07-09 09:30:00,中国,6月PPI:同比(%),重要,,-3.23,,inflation
2025-07-09 00:00:00,09:30,2025-07-09 09:30:00,中国,6月CPI:同比(%),重要,,-0.03,,inflation
2025-07-14 00:00:00,15:00,2025-07-14 15:00:00,中国,6月M0(亿元),重要,,,,credit
2025-07-14 00:00:00,15:00,2025-07-14 15:00:00,中国,6月社会融资规模存量(万亿元),重要,,,,credit
2025-07-14 00:00:00,15:00,2025-07-14 15:00:00,中国,6月M1(亿元),重要,,,,credit
2025-07-14 00:00:00,15:00,2025-07-14 15:00:00,中国,6月M2:同比(%),重要,,8.04,,credit
2025-07-14 00:00:00,15:00,2025-07-14 15:00:00,中国,6月新增人民币贷款(亿元),重要,,18447.29,,credit
2025-07-14 00:00:00,15:00,2025-07-14 15:00:00,中国,6月M1:同比(%),重要,,2.44,,credit
2025-07-14 00:00:00,15:00,2025-07-14 15:00:00,中国,6月M0:同比(%),重要,,,,credit
2025-07-14 00:00:00,15:00,2025-07-14 15:00:00,中国,6月社会融资规模:当月值(亿元),重要,,33431.0,,credit
2025-07-14 00:00:00,15:00,2025-07-14 15:00:00,中国,6月社会融资规模存量:同比(%),重要,,8.81,,credit
2025-07-14 00:00:00,15:00,2025-07-14 15:00:00,中国,6月M2(亿元),重要,,,,credit
2025-07-15 00:00:00,10:00,2025-07-15 10:00:00,中国,第二季度GDP:当季同比(%),重要,,5.16,,growth
2025-07-15 00:00:00,10:00,2025-07-15 10:00:00,中国,第二季度GDP:现价:当季值(亿元),重要,,,,growth
2025-07-15 00:00:00,10:00,2025-07-15 10:00:00,中国,第二季度GDP:现价:第一产业:累计值(亿元),重要,,,,growth
2025-07-15 00:00:00,10:00,2025-07-15 10:00:00,中国,第二季度GDP:现价:第二产业:累计值(亿元),重要,,,,growth
2025-07-15 00:00:00,10:00,2025-07-15 10:00:00,中国,第二季度GDP:现价:第三产业:累计值(亿元),重要,,,,growth
2025-07-15 00:00:00,10:00,2025-07-15 10:00:00,中国,第二季度GDP:不变价:第一产业:累计同比(%),重要,,,,growth
2025-07-15 00:00:00,10:00,2025-07-15 10:00:00,中国,第二季度GDP:不变价:第二产业:累计同比(%),重要,,,,growth
2025-07-15 00:00:00,10:00,2025-07-15 10:00:00,中国,第二季度GDP:不变价:第三产业:累计同比(%),重要,,,,growth
2025-07-16 00:00:00,09:30,2025-07-16 09:30:00,中国,第二季度GDP:不变价:农林牧渔业:累计同比(%),重要,,,,growth
2025-07-16 00:00:00,09:30,2025-07-16 09:30:00,中国,第二季度GDP:不变价:工业:累计同比(%),重要,,,,growth
2025-07-16 00:00:00,09:30,2025-07-16 09:30:00,中国,第二季度GDP:不变价:建筑业:累计同比(%),重要,,,,growth
2025-07-16 00:00:00,09:30,2025-07-16 09:30:00,中国,第二季度GDP:不变价:批发和零售业:累计同比(%),重要,,,,growth
2025-07-16 00:00:00,09:30,2025-07-16 09:30:00,中国,第二季度GDP:不变价:住宿和餐饮业:累计同比(%),重要,,,,growth
2025-07-16 00:00:00,09:30,2025-07-16 09:30:00,中国,第二季度GDP:不变价:金融业:累计同比(%),重要,,,,growth
2025-07-16 00:00:00,09:30,2025-07-16 09:30:00,中国,第二季度GDP:不变价:房地产业:累计同比(%),重要,,,,growth
2025-07-31 00:00:00,09:30,2025-07-31 09:30:00,中国,7月官方制造业PMI(%),重要,,49.45,,pmi
2025-08-09 00:00:00,09:30,2025-08-09 09:30:00,中国,7月PPI:同比(%),重要,,-3.39,,inflation
2025-08-09 00:00:00,09:30,2025-08-09 09:30:00,中国,7月CPI:同比(%),重要,,-0.14,,inflation
2025-08-13 00:00:00,17:00,2025-08-13 17:00:00,中国,7月M0(亿元),重要,,,,credit
2025-08-13 00:00:00,17:00,2025-08-13 17:00:00,中国,7月社会融资规模存量(万亿元),重要,,,,credit
2025-08-13 00:00:00,17:00,2025-08-13 17:00:00,中国,7月M1(亿元),重要,,,,credit
2025-08-13 00:00:00,17:00,2025-08-13 17:00:00,中国,7月M2:同比(%),重要,,8.3,,credit
2025-08-13 00:00:00,17:00,2025-08-13 17:00:00,中国,7月新增人民币贷款(亿元),重要,,1066.67,,credit
2025-08-13 00:00:00,17:00,2025-08-13 17:00:00,中国,7月M1:同比(%),重要,,5.27,,credit
2025-08-13 00:00:00,17:00,2025-08-13 17:00:00,中国,7月M0:同比(%),重要,,,,credit
2025-08-13 00:00:00,17:00,2025-08-13 17:00:00,中国,7月社会融资规模:当月值(亿元),重要,,14100.0,,credit
2025-08-13 00:00:00,17:00,2025-08-13 17:00:00,中国,7月社会融资规模存量:同比(%),重要,,9.08,,credit
2025-08-13 00:00:00,17:00,2025-08-13 17:00:00,中国,7月M2(亿元),重要,,,,credit
2025-08-31 00:00:00,09:30,2025-08-31 09:30:00,中国,8月官方制造业PMI(%),重要,,49.25,,pmi
2025-09-10 00:00:00,09:30,2025-09-10 09:30:00,中国,8月PPI:同比(%),重要,,-2.88,,inflation
2025-09-10 00:00:00,09:30,2025-09-10 09:30:00,中国,8月CPI:同比(%),重要,,-0.2,,inflation
2025-09-12 00:00:00,17:00,2025-09-12 17:00:00,中国,8月M0(亿元),重要,,,,credit
2025-09-12 00:00:00,17:00,2025-09-12 17:00:00,中国,8月社会融资规模存量(万亿元),重要,,,,credit
2025-09-12 00:00:00,17:00,2025-09-12 17:00:00,中国,8月M1(亿元),重要,,,,credit
2025-09-12 00:00:00,17:00,2025-09-12 17:00:00,中国,8月M2:同比(%),重要,,8.68,,credit
2025-09-12 00:00:00,17:00,2025-09-12 17:00:00,中国,8月新增人民币贷款(亿元),重要,,6112.22,,credit
2025-09-12 00:00:00,17:00,2025-09-12 17:00:00,中国,8月M1:同比(%),重要,,5.87,,credit
2025-09-12 00:00:00,17:00,2025-09-12 17:00:00,中国,8月M0:同比(%),重要,,,,credit
2025-09-12 00:00:00,17:00,2025-09-12 17:00:00,中国,8月社会融资规模:当月值(亿元),重要,,24873.33,,credit
2025-09-12 00:00:00,17:00,2025-09-12 17:00:00,中国,8月社会融资规模存量:同比(%),重要,,8.85,,credit
2025-09-12 00:00:00,17:00,2025-09-12 17:00:00,中国,8月M2(亿元),重要,,,,credit
2025-09-30 00:00:00,09:30,2025-09-30 09:30:00,中国,9月官方制造业PMI(%),重要,,49.6,,pmi
2025-10-15 00:00:00,09:30,2025-10-15 09:30:00,中国,9月PPI:同比(%),重要,,-2.4,,inflation
2025-10-15 00:00:00,09:30,2025-10-15 09:30:00,中国,9月CPI:同比(%),重要,,-0.15,,inflation
2025-10-15 00:00:00,17:00,2025-10-15 17:00:00,中国,9月M0(亿元),重要,,,,credit
2025-10-15 00:00:00,17:00,2025-10-15 17:00:00,中国,9月社会融资规模存量(万亿元),重要,,,,credit
2025-10-15 00:00:00,17:00,2025-10-15 17:00:00,中国,9月M1(亿元),重要,,,,credit
2025-10-15 00:00:00,17:00,2025-10-15 17:00:00,中国,9月M2:同比(%),重要,,8.51,,credit
2025-10-15 00:00:00,17:00,2025-10-15 17:00:00,中国,9月新增人民币贷款(亿元),重要,,13900.0,,credit
2025-10-15 00:00:00,17:00,2025-10-15 17:00:00,中国,9月M1:同比(%),重要,,6.0,,credit
2025-10-15 00:00:00,17:00,2025-10-15 17:00:00,中国,9月M0:同比(%),重要,,,,credit
2025-10-15 00:00:00,17:00,2025-10-15 17:00:00,中国,9月社会融资规模:当月值(亿元),重要,,32686.0,,credit
2025-10-15 00:00:00,17:00,2025-10-15 17:00:00,中国,9月社会融资规模存量:同比(%),重要,,8.63,,credit
2025-10-15 00:00:00,17:00,2025-10-15 17:00:00,中国,9月M2(亿元),重要,,,,credit
2025-10-20 00:00:00,10:00,2025-10-20 10:00:00,中国,第三季度GDP:当季同比(%),重要,,4.76,,growth
2025-10-20 00:00:00,10:00,2025-10-20 10:00:00,中国,第三季度GDP:现价:当季值(亿元),重要,,,,growth
2025-10-20 00:00:00,10:00,2025-10-20 10:00:00,中国,第三季度GDP:现价:第一产业:累计值(亿元),重要,,,,growth
2025-10-20 00:00:00,10:00,2025-10-20 10:00:00,中国,第三季度GDP:现价:第二产业:累计值(亿元),重要,,,,growth
2025-10-20 00:00:00,10:00,2025-10-20 10:00:00,中国,第三季度GDP:现价:第三产业:累计值(亿元),重要,,,,growth
2025-10-20 00:00:00,10:00,2025-10-20 10:00:00,中国,第三季度GDP:不变价:第一产业:累计同比(%),重要,,,,growth
2025-10-20 00:00:00,10:00,2025-10-20 10:00:00,中国,第三季度GDP:不变价:第二产业:累计同比(%),重要,,,,growth
2025-10-20 00:00:00,10:00,2025-10-20 10:00:00,中国,第三季度GDP:不变价:第三产业:累计同比(%),重要,,,,growth
2025-10-21 00:00:00,09:30,2025-10-21 09:30:00,中国,第三季度GDP:不变价:农林牧渔业:累计同比(%),重要,,,,growth
2025-10-21 00:00:00,09:30,2025-10-21 09:30:00,中国,第三季度GDP:不变价:工业:累计同比(%),重要,,,,growth
2025-10-21 00:00:00,09:30,2025-10-21 09:30:00,中国,第三季度GDP:不变价:建筑业:累计同比(%),重要,,,,growth
2025-10-21 00:00:00,09:30,2025-10-21 09:30:00,中国,第三季度GDP:不变价:批发和零售业:累计同比(%),重要,,,,growth
2025-10-21 00:00:00,09:30,2025-10-21 09:30:00,中国,第三季度GDP:不变价:住宿和餐饮业:累计同比(%),重要,,,,growth
2025-10-21 00:00:00,09:30,2025-10-21 09:30:00,中国,第三季度GDP:不变价:金融业:累计同比(%),重要,,,,growth
2025-10-21 00:00:00,09:30,2025-10-21 09:30:00,中国,第三季度GDP:不变价:房地产业:累计同比(%),重要,,,,growth
2025-10-31 00:00:00,09:30,2025-10-31 09:30:00,中国,10月官方制造业PMI(%),重要,,49.44,,pmi
2025-11-09 00:00:00,09:30,2025-11-09 09:30:00,中国,10月PPI:同比(%),重要,,-2.28,,inflation
2025-11-09 00:00:00,09:30,2025-11-09 09:30:00,中国,10月CPI:同比(%),重要,,-0.04,,inflation
2025-11-13 00:00:00,17:00,2025-11-13 17:00:00,中国,10月M0(亿元),重要,,,,credit
2025-11-13 00:00:00,17:00,2025-11-13 17:00:00,中国,10月社会融资规模存量(万亿元),重要,,,,credit
2025-11-13 00:00:00,17:00,2025-11-13 17:00:00,中国,10月M1(亿元),重要,,,,credit
2025-11-13 00:00:00,17:00,2025-11-13 17:00:00,中国,10月M2:同比(%),重要,,8.04,,credit
2025-11-13 00:00:00,17:00,2025-11-13 17:00:00,中国,10月新增人民币贷款(亿元),重要,,4455.39,,credit
2025-11-13 00:00:00,17:00,2025-11-13 17:00:00,中国,10月M1:同比(%),重要,,6.55,,credit
2025-11-13 00:00:00,17:00,2025-11-13 17:00:00,中国,10月M0:同比(%),重要,,,,credit
2025-11-13 00:00:00,17:00,2025-11-13 17:00:00,中国,10月社会融资规模:当月值(亿元),重要,,15068.22,,credit
2025-11-13 00:00:00,17:00,2025-11-13 17:00:00,中国,10月社会融资规模存量:同比(%),重要,,8.61,,credit
2025-11-13 00:00:00,17:00,2025-11-13 17:00:00,中国,10月M2(亿元),重要,,,,credit
2025-11-30 00:00:00,09:30,2025-11-30 09:30:00,中国,11月官方制造业PMI(%),重要,,49.3,,pmi
2025-12-10 00:00:00,09:30,2025-12-10 09:30:00,中国,11月PPI:同比(%),重要,,-2.03,,inflation
2025-12-10 00:00:00,09:30,2025-12-10 09:30:00,中国,11月CPI:同比(%),重要,,0.67,,inflation
2025-12-12 00:00:00,17:00,2025-12-12 17:00:00,中国,11月M0(亿元),重要,,,,credit
2025-12-12 00:00:00,17:00,2025-12-12 17:00:00,中国,11月社会融资规模存量(万亿元),重要,,,,credit
2025-12-12 00:00:00,17:00,2025-12-12 17:00:00,中国,11月M2:同比(%),重要,,8.2,,credit
2025-12-12 00:00:00,17:00,2025-12-12 17:00:00,中国,11月新增人民币贷款(亿元),重要,,5042.5,,credit
2025-12-12 00:00:00,17:00,2025-12-12 17:00:00,中国,11月M1:同比(%),重要,,5.0,,credit
2025-12-12 00:00:00,17:00,2025-12-12 17:00:00,中国,11月M0:同比(%),重要,,,,credit
2025-12-12 00:00:00,17:00,2025-12-12 17:00:00,中国,11月社会融资规模:当月值(亿元),重要,,20191.25,,credit
2025-12-12 00:00:00,17:00,2025-12-12 17:00:00,中国,11月社会融资规模存量:同比(%),重要,,8.45,,credit
2025-12-12 00:00:00,17:00,2025-12-12 17:00:00,中国,11月M1(亿元),重要,,,,credit
2025-12-12 00:00:00,17:00,2025-12-12 17:00:00,中国,11月M2(亿元),重要,,,,credit
2025-12-31 00:00:00,09:30,2025-12-31 09:30:00,中国,12月官方制造业PMI(%),重要,,50.05,,pmi
2026-01-09 00:00:00,09:30,2026-01-09 09:30:00,中国,12月PPI:同比(%),重要,,-1.99,,inflation
2026-01-09 00:00:00,09:30,2026-01-09 09:30:00,中国,12月CPI:同比(%),重要,,0.76,,inflation
2026-01-15 00:00:00,15:00,2026-01-15 15:00:00,中国,12月M2:同比(%),重要,,7.91,,credit
2026-01-15 00:00:00,15:00,2026-01-15 15:00:00,中国,12月新增人民币贷款(亿元),重要,,7128.33,,credit
2026-01-15 00:00:00,15:00,2026-01-15 15:00:00,中国,12月M1:同比(%),重要,,3.77,,credit
2026-01-15 00:00:00,15:00,2026-01-15 15:00:00,中国,12月M0:同比(%),重要,,3.5,,credit
2026-01-15 00:00:00,15:00,2026-01-15 15:00:00,中国,12月社会融资规模:当月值(亿元),重要,,18594.62,,credit
2026-01-15 00:00:00,15:00,2026-01-15 15:00:00,中国,12月社会融资规模存量:同比(%),重要,,8.22,,credit
2026-01-15 00:00:00,15:00,2026-01-15 15:00:00,中国,12月社会融资规模存量(万亿元),重要,,,,credit
2026-01-15 00:00:00,15:00,2026-01-15 15:00:00,中国,12月M0(亿元),重要,,,,credit
2026-01-15 00:00:00,15:00,2026-01-15 15:00:00,中国,12月M1(亿元),重要,,,,credit
2026-01-15 00:00:00,15:00,2026-01-15 15:00:00,中国,12月M2(亿元),重要,,,,credit
2026-01-19 00:00:00,10:00,2026-01-19 10:00:00,中国,第四季度GDP:当季同比(%),重要,,4.48,,growth
2026-01-19 00:00:00,10:00,2026-01-19 10:00:00,中国,第四季度GDP:现价:当季值(亿元),重要,,,,growth
2026-01-19 00:00:00,10:00,2026-01-19 10:00:00,中国,第四季度GDP:现价:第一产业:累计值(亿元),重要,,,,growth
2026-01-19 00:00:00,10:00,2026-01-19 10:00:00,中国,第四季度GDP:现价:第二产业:累计值(亿元),重要,,,,growth
2026-01-19 00:00:00,10:00,2026-01-19 10:00:00,中国,第四季度GDP:现价:第三产业:累计值(亿元),重要,,,,growth
2026-01-19 00:00:00,10:00,2026-01-19 10:00:00,中国,第四季度GDP:不变价:第一产业:累计同比(%),重要,,,,growth
2026-01-19 00:00:00,10:00,2026-01-19 10:00:00,中国,第四季度GDP:不变价:第二产业:累计同比(%),重要,,,,growth
2026-01-19 00:00:00,10:00,2026-01-19 10:00:00,中国,第四季度GDP:不变价:第三产业:累计同比(%),重要,,,,growth
2026-01-20 00:00:00,09:30,2026-01-20 09:30:00,中国,第四季度GDP:不变价:农林牧渔业:累计同比(%),重要,,,,growth
2026-01-20 00:00:00,09:30,2026-01-20 09:30:00,中国,第四季度GDP:不变价:工业:累计同比(%),重要,,,,growth
2026-01-20 00:00:00,09:30,2026-01-20 09:30:00,中国,第四季度GDP:不变价:建筑业:累计同比(%),重要,,,,growth
2026-01-20 00:00:00,09:30,2026-01-20 09:30:00,中国,第四季度GDP:不变价:批发和零售业:累计同比(%),重要,,,,growth
2026-01-20 00:00:00,09:30,2026-01-20 09:30:00,中国,第四季度GDP:不变价:住宿和餐饮业:累计同比(%),重要,,,,growth
2026-01-20 00:00:00,09:30,2026-01-20 09:30:00,中国,第四季度GDP:不变价:金融业:累计同比(%),重要,,,,growth
2026-01-20 00:00:00,09:30,2026-01-20 09:30:00,中国,第四季度GDP:不变价:房地产业:累计同比(%),重要,,,,growth
2026-01-31 00:00:00,09:30,2026-01-31 09:30:00,中国,1月官方制造业PMI(%),重要,,50.08,,pmi
2026-02-11 00:00:00,09:30,2026-02-11 09:30:00,中国,1月PPI:同比(%),重要,,-1.45,,inflation
2026-02-11 00:00:00,09:30,2026-02-11 09:30:00,中国,1月CPI:同比(%),重要,,0.44,,inflation
2026-02-13 00:00:00,17:00,2026-02-13 17:00:00,中国,1月M2:同比(%),重要,,8.42,,credit
2026-02-13 00:00:00,17:00,2026-02-13 17:00:00,中国,1月新增人民币贷款(亿元),重要,,45188.64,,credit
2026-02-13 00:00:00,17:00,2026-02-13 17:00:00,中国,1月M1:同比(%),重要,,2.93,,credit
2026-02-13 00:00:00,17:00,2026-02-13 17:00:00,中国,1月M0:同比(%),重要,,,,credit
2026-02-13 00:00:00,17:00,2026-02-13 17:00:00,中国,1月社会融资规模:当月值(亿元),重要,,65441.69,,credit
2026-02-13 00:00:00,17:00,2026-02-13 17:00:00,中国,1月社会融资规模存量:同比(%),重要,,8.25,,credit
2026-02-13 00:00:00,17:00,2026-02-13 17:00:00,中国,1月社会融资规模存量(万亿元),重要,,,,credit
2026-02-13 00:00:00,17:00,2026-02-13 17:00:00,中国,1月M0(亿元),重要,,,,credit
2026-02-13 00:00:00,17:00,2026-02-13 17:00:00,中国,1月M1(亿元),重要,,,,credit
2026-02-13 00:00:00,17:00,2026-02-13 17:00:00,中国,1月M2(亿元),重要,,,,credit
2026-03-04 00:00:00,09:30,2026-03-04 09:30:00,中国,2月官方制造业PMI(%),重要,,49.31,,pmi
2026-03-09 00:00:00,09:30,2026-03-09 09:30:00,中国,2月PPI:同比(%),重要,,-1.14,,inflation
2026-03-09 00:00:00,09:30,2026-03-09 09:30:00,中国,2月CPI:同比(%),重要,,0.91,,inflation
2026-03-13 00:00:00,17:00,2026-03-13 17:00:00,中国,2月M2:同比(%),重要,,8.82,,credit
2026-03-13 00:00:00,17:00,2026-03-13 17:00:00,中国,2月新增人民币贷款(亿元),重要,,8415.93,,credit
2026-03-13 00:00:00,17:00,2026-03-13 17:00:00,中国,2月M1:同比(%),重要,,5.15,,credit
2026-03-13 00:00:00,17:00,2026-03-13 17:00:00,中国,2月M0:同比(%),重要,,,,credit
2026-03-13 00:00:00,17:00,2026-03-13 17:00:00,中国,2月社会融资规模:当月值(亿元),重要,,18404.62,,credit
2026-03-13 00:00:00,17:00,2026-03-13 17:00:00,中国,2月社会融资规模存量:同比(%),重要,,8.07,,credit
2026-03-13 00:00:00,17:00,2026-03-13 17:00:00,中国,2月社会融资规模存量(万亿元),重要,,,,credit
2026-03-13 00:00:00,17:00,2026-03-13 17:00:00,中国,2月M0(亿元),重要,,,,credit
2026-03-13 00:00:00,17:00,2026-03-13 17:00:00,中国,2月M1(亿元),重要,,,,credit
2026-03-13 00:00:00,17:00,2026-03-13 17:00:00,中国,2月M2(亿元),重要,,,,credit
2026-03-31 00:00:00,09:30,2026-03-31 09:30:00,中国,3月官方制造业PMI(%),重要,,49.88,,pmi
2026-04-10 00:00:00,09:30,2026-04-10 09:30:00,中国,3月PPI:同比(%),重要,,0.45,,inflation
2026-04-10 00:00:00,09:30,2026-04-10 09:30:00,中国,3月CPI:同比(%),重要,,1.27,,inflation
2026-04-13 00:00:00,17:00,2026-04-13 17:00:00,中国,3月M2:同比(%),重要,,8.74,,credit
2026-04-13 00:00:00,17:00,2026-04-13 17:00:00,中国,3月新增人民币贷款(亿元),重要,,32460.41,,credit
2026-04-13 00:00:00,17:00,2026-04-13 17:00:00,中国,3月M1:同比(%),重要,,5.23,,credit
2026-04-13 00:00:00,17:00,2026-04-13 17:00:00,中国,3月M0:同比(%),重要,,,,credit
2026-04-13 00:00:00,17:00,2026-04-13 17:00:00,中国,3月社会融资规模:当月值(亿元),重要,,50894.13,,credit
2026-04-13 00:00:00,17:00,2026-04-13 17:00:00,中国,3月社会融资规模存量:同比(%),重要,,7.97,,credit
2026-04-13 00:00:00,17:00,2026-04-13 17:00:00,中国,3月社会融资规模存量(万亿元),重要,,,,credit
2026-04-13 00:00:00,17:00,2026-04-13 17:00:00,中国,3月M0(亿元),重要,,,,credit
2026-04-13 00:00:00,17:00,2026-04-13 17:00:00,中国,3月M1(亿元),重要,,,,credit
2026-04-13 00:00:00,17:00,2026-04-13 17:00:00,中国,3月M2(亿元),重要,,,,credit
2026-04-16 00:00:00,10:00,2026-04-16 10:00:00,中国,第一季度GDP:当季同比(%),重要,,4.73,,growth
2026-04-16 00:00:00,10:00,2026-04-16 10:00:00,中国,第一季度GDP:现价:当季值(亿元),重要,,,,growth
2026-04-16 00:00:00,10:00,2026-04-16 10:00:00,中国,第一季度GDP:现价:第一产业:累计值(亿元),重要,,,,growth
2026-04-16 00:00:00,10:00,2026-04-16 10:00:00,中国,第一季度GDP:现价:第二产业:累计值(亿元),重要,,,,growth
2026-04-16 00:00:00,10:00,2026-04-16 10:00:00,中国,第一季度GDP:现价:第三产业:累计值(亿元),重要,,,,growth
2026-04-16 00:00:00,10:00,2026-04-16 10:00:00,中国,第一季度GDP:不变价:第一产业:累计同比(%),重要,,,,growth
2026-04-16 00:00:00,10:00,2026-04-16 10:00:00,中国,第一季度GDP:不变价:第二产业:累计同比(%),重要,,,,growth
2026-04-16 00:00:00,10:00,2026-04-16 10:00:00,中国,第一季度GDP:不变价:第三产业:累计同比(%),重要,,,,growth
2026-04-17 00:00:00,09:30,2026-04-17 09:30:00,中国,第一季度GDP:不变价:农林牧渔业:累计同比(%),重要,,,,growth
2026-04-17 00:00:00,09:30,2026-04-17 09:30:00,中国,第一季度GDP:不变价:工业:累计同比(%),重要,,,,growth
2026-04-17 00:00:00,09:30,2026-04-17 09:30:00,中国,第一季度GDP:不变价:建筑业:累计同比(%),重要,,,,growth
2026-04-17 00:00:00,09:30,2026-04-17 09:30:00,中国,第一季度GDP:不变价:批发和零售业:累计同比(%),重要,,,,growth
2026-04-17 00:00:00,09:30,2026-04-17 09:30:00,中国,第一季度GDP:不变价:住宿和餐饮业:累计同比(%),重要,,,,growth
2026-04-17 00:00:00,09:30,2026-04-17 09:30:00,中国,第一季度GDP:不变价:金融业:累计同比(%),重要,,,,growth
2026-04-17 00:00:00,09:30,2026-04-17 09:30:00,中国,第一季度GDP:不变价:房地产业:累计同比(%),重要,,,,growth
2026-04-30 00:00:00,09:30,2026-04-30 09:30:00,中国,4月官方制造业PMI(%),重要,,50.18,,pmi
2026-05-11 00:00:00,09:30,2026-05-11 09:30:00,中国,4月PPI:同比(%),重要,,1.56,,inflation
2026-05-11 00:00:00,09:30,2026-05-11 09:30:00,中国,4月CPI:同比(%),重要,,0.94,,inflation
2026-05-14 00:00:00,17:00,2026-05-14 17:00:00,中国,4月M2:同比(%),重要,,8.42,,credit
2026-05-14 00:00:00,17:00,2026-05-14 17:00:00,中国,4月新增人民币贷款(亿元),重要,,4677.58,,credit
2026-05-14 00:00:00,17:00,2026-05-14 17:00:00,中国,4月M1:同比(%),重要,,5.0,,credit
2026-05-14 00:00:00,17:00,2026-05-14 17:00:00,中国,4月M0:同比(%),重要,,,,credit
2026-05-14 00:00:00,17:00,2026-05-14 17:00:00,中国,4月社会融资规模:当月值(亿元),重要,,14319.93,,credit
2026-05-14 00:00:00,17:00,2026-05-14 17:00:00,中国,4月社会融资规模存量:同比(%),重要,,7.89,,credit
2026-05-14 00:00:00,17:00,2026-05-14 17:00:00,中国,4月社会融资规模存量(万亿元),重要,,,,credit
2026-05-14 00:00:00,17:00,2026-05-14 17:00:00,中国,4月M0(亿元),重要,,,,credit
2026-05-14 00:00:00,17:00,2026-05-14 17:00:00,中国,4月M1(亿元),重要,,,,credit
2026-05-14 00:00:00,17:00,2026-05-14 17:00:00,中国,4月M2(亿元),重要,,,,credit
2026-05-31 00:00:00,09:30,2026-05-31 09:30:00,中国,5月官方制造业PMI(%),重要,,50.25,,pmi
2026-06-10 00:00:00,09:30,2026-06-10 09:30:00,中国,5月PPI:同比(%),重要,,3.53,,inflation
2026-06-10 00:00:00,09:30,2026-06-10 09:30:00,中国,5月CPI:同比(%),重要,,1.37,,inflation
2026-06-12 00:00:00,17:00,2026-06-12 17:00:00,中国,5月M2:同比(%),重要,,8.55,,credit
2026-06-12 00:00:00,17:00,2026-06-12 17:00:00,中国,5月新增人民币贷款(亿元),重要,,4227.08,,credit
2026-06-12 00:00:00,17:00,2026-06-12 17:00:00,中国,5月M1:同比(%),重要,,4.8,,credit
2026-06-12 00:00:00,17:00,2026-06-12 17:00:00,中国,5月M0:同比(%),重要,,,,credit
2026-06-12 00:00:00,17:00,2026-06-12 17:00:00,中国,5月社会融资规模:当月值(亿元),重要,,17578.0,,credit
2026-06-12 00:00:00,17:00,2026-06-12 17:00:00,中国,5月社会融资规模存量:同比(%),重要,,7.59,,credit
2026-06-12 00:00:00,17:00,2026-06-12 17:00:00,中国,5月社会融资规模存量(万亿元),重要,,,,credit
2026-06-12 00:00:00,17:00,2026-06-12 17:00:00,中国,5月M0(亿元),重要,,,,credit
2026-06-12 00:00:00,17:00,2026-06-12 17:00:00,中国,5月M1(亿元),重要,,,,credit
2026-06-12 00:00:00,17:00,2026-06-12 17:00:00,中国,5月M2(亿元),重要,,,,credit
2026-06-30 00:00:00,09:30,2026-06-30 09:30:00,中国,6月官方制造业PMI(%),重要,,50.02,,pmi
